"NOME_MUNICIPIO";"RENDA";"EDUCACAO";"SOBREVIVENCIA";"INFRAESTRUTURA";"Acesso a informação";"HABITACAO";"MOBILIDADE";"MIQL-M";"MIQL-T"
"Adamantina";0.5480537236;0.7517030019;0.9418425846;0.8883158939;0.7306433378;0.9490962277;0.876116;0.7877803458;0.7998322713
"Adolfo";0.5347016227;0.6956456453;0.9397901955;0.7950028218;0.6567524506;0.9665806346;0.892796;0.7488988393;0.767940039
"Aguaí";0.5256612386;0.6929433573;0.9449015693;0.8076503698;0.6767479841;0.9267910036;0.857281;0.7474297947;0.7622158015
"Águas da Prata";0.5417357544;0.7213372889;0.9465575208;0.8276620513;0.675519476;0.9120714589;0.843481;0.7572956221;0.7690464447
"Águas de Lindóia";0.5416404516;0.696886032;0.9450036919;0.8644426561;0.7070834047;0.9132719266;0.896911;0.7641621975;0.7818496309
"Águas de Santa Bárbara";0.5433895146;0.7258798101;0.9314635088;0.7055610377;0.6752402107;0.9259749459;0.878378;0.7383954126;0.7569363146
"Águas de São Pedro";0.5778440942;0.7865977237;0.9390872405;0.9466033448;0.7633864889;0.9504004986;0.917531;0.8150446679;0.8289529609
"Agudos";0.5322734694;0.7177118213;0.947146719;0.8799570522;0.6997660197;0.9115328996;0.818022;0.7666811908;0.7738134289
"Alambari";0.5212794537;0.6858498496;0.9369051317;0.6940897848;0.6266895673;0.9377101506;0.907542;0.717665388;0.7421394779
"Alfredo Marcondes";0.5283506975;0.7200733913;0.9521001053;0.7607036761;0.6423614849;0.9574029523;0.820736;0.743895455;0.7544156728
"Altair";0.5296082512;0.6834859247;0.9182219179;0.7193118839;0.5908560098;0.9113990197;0.804551;0.7105967832;0.7233151669
"Altinópolis";0.5377317614;0.6965896588;0.9405653949;0.8015976508;0.705847124;0.9202908681;0.844151;0.7537962704;0.7660863439
"Alto Alegre";0.5282483904;0.7007231123;0.9435888066;0.7329096007;0.6351971573;0.9631639321;0.797682;0.7341831768;0.742935155
"Alumínio";0.5410398207;0.7374688101;0.9205835561;0.807450796;0.6704621708;0.8988399935;0.843471;0.7505301429;0.7631524175
"Álvares Florence";0.5299860473;0.6951075666;0.916637455;0.6765400796;0.6272538315;0.9431396502;0.897331;0.7163707055;0.7397949603
"Álvares Machado";0.5293017562;0.7130993132;0.941528176;0.8072566046;0.6788335254;0.9296981868;0.851564;0.7521433001;0.7656018554
"Álvaro de Carvalho";0.5224245421;0.65084936;0.9217596721;0.4972797534;0.3969097415;0.3167256565;0.842126;0.5192178201;0.5563569481
"Alvinlândia";0.5253818176;0.7136859977;0.929241089;0.7976008474;0.6255024233;0.9517571308;0.882911;0.740926669;0.7597183439
"Americana";0.5651015866;0.7484406332;0.9459983;0.9435111565;0.7646980714;0.9462850103;0.854315;0.8055123548;0.8123096445
"Américo Brasiliense";0.5346561452;0.700357448;0.9357848362;0.9036328813;0.6803504509;0.9159461195;0.809397;0.7630051886;0.7694661254
"Américo de Campos";0.5336437037;0.7019149332;0.9356056788;0.7759105872;0.6438500373;0.9522932238;0.870608;0.7418782457;0.7590314686
"Amparo";0.5553870348;0.7311682119;0.9470535337;0.8349364612;0.7234491454;0.9361650996;0.873215;0.775473405;0.7887362572
"Analândia";0.5363569431;0.7050371802;0.9476503626;0.7350255156;0.6506326078;0.9228125286;0.888604;0.7353785599;0.755532995
"Andradina";0.5434478746;0.7356306029;0.9365319478;0.8481628881;0.6967910419;0.8654194591;0.881451;0.7592033691;0.7755699804
"Angatuba";0.5267979963;0.690067906;0.9289389748;0.7367351895;0.6245366317;0.9250991021;0.849272;0.7237636816;0.7404883288
"Anhembi";0.5264283951;0.6923313286;0.9395546311;0.7274660108;0.6456604652;0.9264368067;0.864564;0.7281172807;0.7462045325
"Anhumas";0.5237918541;0.7149641302;0.927755076;0.7433436622;0.6495041581;0.9184578675;0.828072;0.7321799945;0.7451669887
"Aparecida";0.5394169607;0.7351716463;0.9362612943;0.9046533501;0.7220239983;0.9057332839;0.886422;0.7767669915;0.7915595365
"Aparecida d'Oeste";0.5214213774;0.7044058926;0.9330039161;0.7620742659;0.6563323687;0.9124548341;0.863465;0.7340144831;0.7512453341
"Apiaí";0.5004800899;0.705367863;0.9177522324;0.6819751374;0.6017411097;0.8949360855;0.84463;0.7013202216;0.7201983066
"Araçariguama";0.5333515555;0.6836044797;0.938592622;0.7005842125;0.6362036568;0.8477962602;0.864965;0.7111162467;0.7312935355
"Araçatuba";0.551432196;0.7479592711;0.9435663421;0.9174381642;0.7114123047;0.9460280277;0.883162;0.7884801807;0.8013577428
"Araçoiaba da Serra";0.5402710447;0.7183006037;0.931004541;0.6765933954;0.6671425023;0.9212068662;0.842319;0.729114176;0.7443033584
"Aramina";0.5393966599;0.6940029579;0.9369000855;0.8376048346;0.7096024494;0.9556347158;0.836661;0.7642196062;0.7741710727
"Arandu";0.5243305931;0.6828774225;0.9388411415;0.7130487691;0.6535475763;0.8984780207;0.861416;0.7212303506;0.739765107
"Arapeí";0.5081349513;0.6857591094;0.8971333153;0.6656397275;0.6161716167;0.9359440951;0.90102;0.7023168342;0.7277637415
"Araraquara";0.5589130078;0.7621065787;0.9454467449;0.9346330785;0.7654782947;0.9197919618;0.848692;0.8014506266;0.8080348769
"Araras";0.5513705108;0.7407992036;0.9348041302;0.9236956757;0.7568596445;0.9374800988;0.86798;0.7938318084;0.8040233683
"Arco-Íris";0.5176759;0.6975600807;0.9143237868;0.6329719051;0.6389430623;0.9480312471;0.857099;0.708600528;0.7281245735
"Arealva";0.5346682782;0.685363371;0.9308641537;0.7269725214;0.6768901944;0.9317223977;0.876154;0.7340107066;0.7528092969
"Areias";0.5019283475;0.6971293711;0.9334033944;0.6876447696;0.6162907119;0.8562709108;0.874886;0.700859406;0.7234207913
"Areiópolis";0.5281179762;0.6907855427;0.9264167468;0.8579811273;0.643404615;0.9454802696;0.784604;0.7488861993;0.7538874219
"Ariranha";0.5417571867;0.6909621666;0.9310488387;0.8445729419;0.6829645872;0.9414604305;0.863411;0.7577247483;0.7719911902
"Artur Nogueira";0.5436535449;0.7178509632;0.9390041321;0.8165423532;0.6859312456;0.941753144;0.834298;0.7603905882;0.7705337341
"Arujá";0.525719051;0.749785336;0.93524445;0.833111028;0.707080648;0.892261756;0.75552;0.7606998287;0.7599576845
"Aspásia";0.5251536779;0.6985236975;0.928716866;0.7058314738;0.6582758453;0.9611650638;0.913781;0.730650413;0.7543722496
"Assis";0.5497611989;0.7656715781;0.9454347227;0.9033704357;0.7358269374;0.9425263211;0.876974;0.7933482483;0.8047878613
"Atibaia";0.5538030134;0.7305850436;0.9416732557;0.7559720413;0.722793824;0.9023256055;0.830677;0.7567776475;0.76691786
"Auriflama";0.5415134696;0.7409370289;0.9398624299;0.8167584513;0.6456526442;0.9438295076;0.871746;0.7566705461;0.7721294796
"Avaí";0.5168390331;0.6944854233;0.9395331081;0.6793733211;0.6602869979;0.8778384245;0.810818;0.7142732594;0.7273274214
"Avanhandava";0.5250310108;0.6929156455;0.9366594307;0.7718510065;0.6127336977;0.5578704589;0.805962;0.6693155881;0.6873171364
"Avaré";0.5463255043;0.7292953635;0.9359021557;0.8692404701;0.6998694812;0.8303385686;0.859694;0.7571226931;0.770990066
"Bady Bassitt";0.5484759461;0.7190012792;0.9450407453;0.8355855448;0.680778684;0.9613012876;0.859894;0.7671242216;0.7797375368
"Balbinos";0.5325474013;0.6286680424;0.9012547908;0.1860296138;0.1508751502;0.1975459857;0.928957;0.3445475834;0.3969944256
"Bálsamo";0.5433091708;0.7200221704;0.9320637634;0.8156634886;0.667666701;0.9621384915;0.883501;0.7589115158;0.7755717581
"Bananal";0.5229367972;0.7037047557;0.9450473931;0.7349768379;0.6472020382;0.9104421254;0.863519;0.7294180819;0.7472179438
"Barão de Antonina";0.5137699102;0.6729775723;0.9142856416;0.6568715582;0.6234649702;0.9325593823;0.880109;0.7030238001;0.7259523073
"Barbosa";0.5236851731;0.6747076138;0.917715447;0.7791442324;0.602986222;0.9157476891;0.829116;0.7201658143;0.7348063506
"Bariri";0.5454375003;0.7064957249;0.946884944;0.8849539734;0.7461584751;0.9420381306;0.882922;0.7810197162;0.7948233508
"Barra Bonita";0.5519852928;0.7355323803;0.9546822184;0.9229047295;0.7454839636;0.9508126408;0.870986;0.7955724035;0.8059321683
"Barra do Chapéu";0.483623187;0.6884747977;0.9210131163;0.5267390029;0.529823097;0.8796354817;0.819692;0.6498029521;0.6717250426
"Barra do Turvo";0.4973128646;0.6595855978;0.8972635837;0.5068541198;0.512513903;0.8814492636;0.897291;0.6379223358;0.6697832909
"Barretos";0.5494512113;0.7419802485;0.9417676635;0.8983667225;0.7052124666;0.9356163196;0.875247;0.7813688854;0.7941368157
"Barrinha";0.5357526051;0.692584613;0.9291381545;0.8805088035;0.6668154865;0.9271625633;0.790002;0.7566623334;0.761337583
"Barueri";0.53146061;0.739978454;0.943846122;0.908793685;0.715752364;0.907563958;0.74291;0.7764546837;0.7715714102
"Bastos";0.5299098398;0.7158061545;0.9509055592;0.7969296281;0.6909378041;0.9430943987;0.913471;0.7564115449;0.7770757917
"Batatais";0.5480475739;0.7227577653;0.9426084574;0.8799388726;0.7235882257;0.9378241973;0.839934;0.7786960371;0.787163063
"Bauru";0.5572040546;0.7569068963;0.9421344939;0.9176860846;0.7494573363;0.8952875931;0.841577;0.7908525945;0.7979073135
"Bebedouro";0.5433161337;0.7339932486;0.9452651215;0.9011313284;0.7214650547;0.9379920115;0.888915;0.7826786215;0.7970400635
"Bento de Abreu";0.5341114712;0.7264736201;0.9487006867;0.8078550711;0.6720859459;0.9471830612;0.848491;0.7577550864;0.770097603
"Bernardino de Campos";0.5343431556;0.7028707162;0.9315270184;0.8398070823;0.6648509087;0.9328754378;0.898534;0.7529562959;0.7722113158
"Bertioga";0.5367095939;0.7005215237;0.935725306;0.7246899109;0.6419082701;0.8930350697;0.859512;0.7257724628;0.7435215349
"Bilac";0.5464643916;0.7311364892;0.9252951719;0.8379810299;0.6863528769;0.9518680678;0.888655;0.7662429724;0.7826394675
"Birigui";0.5459558667;0.7341914896;0.945225821;0.8947165007;0.698398246;0.9450611615;0.904164;0.7791573295;0.7958970261
"Biritiba-Mirim";0.510283853;0.703055576;0.922280604;0.733768797;0.642933286;0.880524839;0.78107;0.7183816329;0.7270192275
"Boa Esperança do Sul";0.5265678003;0.6745552031;0.9312635213;0.8166216328;0.6578208227;0.9217553699;0.795152;0.7396871827;0.7473673176
"Bocaina";0.5487582192;0.7114193603;0.9399390385;0.8846889583;0.7363969378;0.931819046;0.904609;0.7785863071;0.7954529489
"Bofete";0.5284334637;0.6940649641;0.9250236466;0.632219228;0.6338809249;0.9271741148;0.848441;0.7081033653;0.7266319903
"Boituva";0.5462389678;0.729663212;0.935087382;0.8181732554;0.6964352164;0.9274081003;0.879688;0.7627678313;0.7784673667
"Bom Jesus dos Perdões";0.5343867143;0.7007812431;0.9357566931;0.7774419758;0.6805783654;0.8952169465;0.863786;0.7413317157;0.7577001579
"Bom Sucesso de Itararé";0.4886185141;0.6689542484;0.8865859041;0.6842057559;0.5372355769;0.8734247699;0.851415;0.6731482042;0.6961238162
"Borá";0.533562527;0.7640471457;0.9435441203;0.7430546202;0.7398380254;0.9348621473;0.820718;0.7632417332;0.7711993573
"Boracéia";0.5417135718;0.7053651822;0.9496566235;0.8200469849;0.6641705536;0.9544560072;0.902899;0.7573049012;0.7765698757
"Borborema";0.533953607;0.7063399359;0.9335754838;0.8071946663;0.6711041927;0.949604045;0.88206;0.752193517;0.7695038664
"Borebi";0.5215781581;0.6839009075;0.929352812;0.7667434741;0.6395776251;0.9268585505;0.864351;0.7294715088;0.7473676687
"Botucatu";0.5545631658;0.7561036624;0.9409229148;0.8910526623;0.7422915209;0.935183264;0.872454;0.7905150955;0.8017317405
"Bragança Paulista";0.5489718661;0.7433104844;0.940964631;0.8234656472;0.7334920285;0.9248923908;0.841566;0.7736970772;0.7830467703
"Braúna";0.5393255822;0.6963758631;0.94090599;0.7821047492;0.6447672897;0.9607229208;0.831522;0.7451628116;0.7569276974
"Brejo Alegre";0.5305702047;0.7002638788;0.9286989274;0.7757119158;0.6414518508;0.9489873254;0.855946;0.7390390909;0.7547075421
"Brodowski";0.5436897833;0.7073382465;0.9465754141;0.8893593209;0.698730471;0.9513495805;0.818311;0.7741232325;0.7802865888
"Brotas";0.5406371904;0.7033265669;0.9376301771;0.8475025187;0.7105265772;0.9396133641;0.863729;0.7658214112;0.7790974622
"Buri";0.4999758742;0.6796004852;0.9251620597;0.7208729611;0.5978042138;0.9073803446;0.831942;0.7051333731;0.7219905681
"Buritama";0.540627226;0.7174827673;0.9367192752;0.8252444641;0.667083461;0.939456216;0.866297;0.7568207492;0.7715694061
"Buritizal";0.5396771956;0.6895328226;0.9413647965;0.7628613343;0.673787169;0.9528358838;0.919233;0.7454277703;0.7680834912
"Cabrália Paulista";0.5185818259;0.684830947;0.9168744614;0.7953460907;0.6554687997;0.9349798032;0.816078;0.7358175779;0.7467809513
"Cabreúva";0.5371176395;0.7022725935;0.9369050228;0.7560471368;0.643309009;0.9143966361;0.815536;0.7346192506;0.7456676134
"Caçapava";0.5446489913;0.7487526057;0.9408495788;0.8543988729;0.7427986641;0.9286657921;0.850113;0.780538649;0.7901178549
"Cachoeira Paulista";0.5355867302;0.7537273582;0.9258841053;0.8579198404;0.699498583;0.9079554908;0.873817;0.7670372777;0.781452814
"Caconde";0.5252414256;0.6866671856;0.9122081317;0.6594582769;0.6723586404;0.9199551278;0.882632;0.7155264523;0.7373058679
"Cafelândia";0.5320158366;0.7048461852;0.9401009405;0.807867996;0.662846926;0.925702568;0.877416;0.7477155626;0.764998496
"Caiabu";0.524428353;0.7361401123;0.9397471658;0.7179348823;0.6295751549;0.9663015756;0.77865;0.7356148692;0.7416139622
"Caieiras";0.530146004;0.743974371;0.93946079;0.89315164;0.724638309;0.897876563;0.71339;0.7741929435;0.7651993806
"Caiuá";0.5123247373;0.6796969171;0.9276621683;0.5712341962;0.6374492565;0.8309731992;0.821609;0.6787078687;0.6974892189
"Cajamar";0.520390668;0.726998996;0.936837828;0.803415507;0.677508796;0.895090673;0.78003;0.7462339181;0.7509707656
"Cajati";0.5080815478;0.6956226714;0.9142301348;0.7225880924;0.588758953;0.8965579444;0.872825;0.7054424046;0.7272285753
"Cajobi";0.5359780477;0.7004416315;0.9429338716;0.8330358518;0.6772628558;0.9594529034;0.820399;0.7592896272;0.7677326121
"Cajuru";0.5298906019;0.6941487127;0.9320103436;0.7993221495;0.6546811277;0.9247400148;0.833756;0.7412621051;0.7538190512
"Campina do Monte Alegre";0.516205816;0.7006843468;0.9393295693;0.7625400045;0.6148620571;0.9136418225;0.835642;0.7252648003;0.7400919737
"Campinas";0.5682935061;0.7664261527;0.9472352346;0.9101212758;0.7685279007;0.9274345504;0.769043;0.8027688368;0.7978617859
"Campo Limpo Paulista";0.5420772992;0.7396407523;0.93417711;0.8455577585;0.7086650676;0.9048934973;0.726567;0.7666824245;0.7608188163
"Campos do Jordão";0.5351670431;0.6996229483;0.9423116189;0.8178001288;0.6867740806;0.8620082355;0.821307;0.744880731;0.7553471
"Campos Novos Paulista";0.5184745889;0.6796779529;0.9375045968;0.7077728938;0.6026012441;0.9258365106;0.850206;0.7121591408;0.7304146875
"Cananéia";0.5189848316;0.6957549768;0.9340911923;0.7523727195;0.6412096817;0.904806239;0.886044;0.7266604;0.7475407861
"Canas";0.5078966232;0.6938533835;0.919949061;0.8052988574;0.6407231438;0.9189010907;0.868063;0.7318979201;0.749956946
"Cândido Mota";0.5301287045;0.7170701903;0.9348788071;0.8583629684;0.6826600313;0.9388495772;0.849652;0.7618362402;0.7738024879
"Cândido Rodrigues";0.5386469399;0.7398584254;0.9471584659;0.803677591;0.7292866816;0.9712355378;0.895232;0.7739211145;0.7901887173
"Canitar";0.5178563847;0.6929330794;0.92110937;0.806891463;0.6616400066;0.9314410737;0.884198;0.7401175152;0.7591650945
"Capão Bonito";0.5119903308;0.7104150154;0.9252926157;0.7681515577;0.6220242404;0.8966326551;0.847136;0.7241362591;0.7405485868
"Capela do Alto";0.5211171874;0.6832746175;0.9246425386;0.700092369;0.6294716735;0.9223737507;0.835338;0.715193959;0.7312365563
"Capivari";0.5441795345;0.7138675057;0.9417399615;0.8513578475;0.7197261553;0.9266297092;0.868079;0.7695663649;0.782923607
"Caraguatatuba";0.5378096303;0.7352367215;0.9382340307;0.8130703699;0.673946739;0.8895217592;0.848338;0.7519913969;0.7650543832
"Carapicuíba";0.52286388;0.726719288;0.942971627;0.884406604;0.713022074;0.903496032;0.67945;0.7673423938;0.7541223433
"Cardoso";0.527884444;0.6997188632;0.9091728485;0.7882790537;0.6378801503;0.941972155;0.850825;0.7360845019;0.7514761187
"Casa Branca";0.5353877944;0.7280050282;0.9276081358;0.7750555572;0.6679302679;0.6871624535;0.865263;0.7104744466;0.7307637349
"Cássia dos Coqueiros";0.5233185053;0.6993652238;0.9403561968;0.6604772149;0.6326947989;0.9159994019;0.882052;0.7133209322;0.7352883995
"Castilho";0.5180056485;0.7102640831;0.9271026582;0.7119777705;0.6542747038;0.9172059222;0.813927;0.7254307012;0.7374580015
"Catanduva";0.5528246288;0.7468143689;0.9422123665;0.9168552809;0.7067094514;0.9425017885;0.872381;0.7869771455;0.7986456516
"Catiguá";0.5418433554;0.6931413383;0.9408161432;0.8167066398;0.6570053274;0.9498038432;0.816496;0.7514698063;0.7604321463
"Cedral";0.5484902528;0.7265103093;0.9493042515;0.7490701469;0.7074933991;0.9421765175;0.878521;0.7574701908;0.7736840297
"Cerqueira César";0.5348281862;0.7139011155;0.9339534912;0.8184111354;0.6685034558;0.8805724417;0.833505;0.7455949863;0.7575617034
"Cerquilho";0.5546546915;0.7289230028;0.9342089648;0.884344391;0.7329112571;0.9527822556;0.889597;0.7845774275;0.7987847001
"Cesário Lange";0.5344127515;0.6798219172;0.9245087566;0.6748585923;0.6436279691;0.7247095403;0.879439;0.6876473578;0.7122437182
"Charqueada";0.5393290539;0.7019759646;0.9373220023;0.8493043862;0.6775366629;0.9421320612;0.801532;0.7597933187;0.765620201
"Chavantes";0.5304923554;0.6977969635;0.9237328644;0.8419682279;0.6719732674;0.9162532389;0.849232;0.7494965483;0.7629930748
"Clementina";0.5351798472;0.7082135818;0.921455801;0.8360245966;0.6359720302;0.9305893096;0.816927;0.7463209052;0.7560209695
"Colina";0.5340927028;0.712430655;0.93156651;0.8558586664;0.6888158079;0.9172352008;0.860631;0.7593228985;0.7730303883
"Colômbia";0.5246114118;0.6860585023;0.9447392499;0.7494135491;0.6530446458;0.9310404882;0.855587;0.7328649823;0.7492551117
"Conchal";0.5284546086;0.6954481383;0.9421915749;0.8445268875;0.6641439337;0.9388041972;0.863911;0.7530267339;0.7679501918
"Conchas";0.5349965837;0.6858474532;0.9198037194;0.7714449425;0.6851810453;0.9189117943;0.884153;0.7397920054;0.758873379
"Cordeirópolis";0.5502354414;0.710853402;0.9518427606;0.8693162444;0.7347852672;0.9407777688;0.888776;0.779147802;0.7939393829
"Coroados";0.5321452219;0.6922433453;0.9315621452;0.7396505845;0.6579375019;0.9500652641;0.881955;0.7357736759;0.755070346
"Coronel Macedo";0.5074117524;0.6810523629;0.8980406478;0.7218322429;0.6169608324;0.9336632389;0.821176;0.7108645525;0.7256659933
"Corumbataí";0.5372389117;0.7153442695;0.9465916475;0.634382882;0.6546014309;0.9215464615;0.895788;0.7199159774;0.7427493867
"Cosmópolis";0.5472369216;0.7180819084;0.9482279906;0.8895090152;0.7030232122;0.9297477613;0.852803;0.7749812904;0.7856479901
"Cosmorama";0.5301732462;0.6816233303;0.9337080293;0.7130892163;0.6794915077;0.9340045039;0.863567;0.7310970591;0.7486978888
"Cotia";0.536643447;0.745073183;0.948939623;0.805744463;0.716667378;0.894037167;0.70903;0.7620772212;0.7542627186
"Cravinhos";0.5442791037;0.7148507829;0.9505760153;0.9093961815;0.7177203083;0.9397912328;0.838052;0.7809572783;0.7888691031
"Cristais Paulista";0.5343409966;0.7010080002;0.946159163;0.6747187018;0.6627970934;0.9226880941;0.898122;0.7258451652;0.7482677674
"Cruzália";0.5255743315;0.7333112736;0.9313130959;0.7257117643;0.66050687;0.9490714915;0.892645;0.7393097632;0.7594857543
"Cruzeiro";0.5362336219;0.7538653144;0.9347977347;0.9092822408;0.7317735366;0.9387852318;0.86732;0.7861423367;0.7972564979
"Cubatão";0.5339192358;0.7257189369;0.9303832751;0.7293370292;0.7002380866;0.9063472823;0.791232;0.7419860802;0.7488289521
"Cunha";0.5062996525;0.6750733344;0.9233979765;0.5664165131;0.6180148928;0.9099971842;0.857371;0.6818995431;0.7045751347
"Descalvado";0.5427941782;0.7190435832;0.9467091014;0.8596871594;0.7228522462;0.9358771824;0.866364;0.7739316906;0.7865064914
"Diadema";0.524257584;0.734182364;0.94081883;0.918785218;0.722992304;0.907450953;0.74408;0.7759568731;0.7713207583
"Dirce Reis";0.5273594839;0.7153284508;0.9494486446;0.7319819317;0.6623666695;0.9553725658;0.89402;0.7412690871;0.7613780761
"Divinolândia";0.5313176079;0.6882386521;0.9398933132;0.7022126366;0.6708170586;0.9407020711;0.862671;0.7307734791;0.7483028673
"Dobrada";0.5284442503;0.705072212;0.9252090372;0.8509206993;0.6268681049;0.9261052634;0.815999;0.7445028696;0.7543196337
"Dois Córregos";0.5374207833;0.7174988107;0.942393177;0.8696874464;0.7170149404;0.9342192931;0.835655;0.772001248;0.7807888015
"Dolcinópolis";0.535132063;0.6951027774;0.9338307462;0.8275704193;0.6505823687;0.9662496599;0.862294;0.7519041145;0.7667635289
"Dourado";0.5414254144;0.7167476783;0.9345236166;0.8638104858;0.7147755635;0.9288612598;0.871081;0.7697311081;0.7834535509
"Dracena";0.5481299499;0.7385722899;0.9340089477;0.8604487912;0.6922563577;0.8414394235;0.884339;0.7578915578;0.7747831564
"Duartina";0.5366791035;0.70805828;0.9453143097;0.8117798675;0.7196127757;0.9459475778;0.864205;0.7637666467;0.7773665412
"Dumont";0.5393386898;0.7049191565;0.9364379211;0.8769496491;0.6834203734;0.9361800294;0.870476;0.7645695052;0.7788709738
"Echaporã";0.5269627992;0.7137639955;0.9242307424;0.7467974194;0.666992161;0.9433207781;0.841826;0.739349285;0.7531871412
"Eldorado";0.4996726205;0.695017551;0.9291785867;0.5928978314;0.5821844237;0.8757616782;0.864309;0.6784759895;0.7023501909
"Elias Fausto";0.528807153;0.6697450672;0.9395822727;0.7630903571;0.6544724029;0.931309064;0.870332;0.7327409538;0.750977319
"Elisiário";0.5420356053;0.6897527803;0.9164738215;0.8116028529;0.6555657149;0.9552261477;0.893996;0.7472820604;0.7666658711
"Embaúba";0.5409110833;0.6964135788;0.9212962125;0.7593144066;0.6621162384;0.9532791427;0.79657;0.7415857814;0.7492019547
"Embu";0.515474366;0.714659104;0.947167057;0.859951033;0.690747017;0.896492585;0.6492;0.7554029418;0.7392284092
"Embu-Guaçu";0.514930346;0.733858244;0.941452136;0.741693001;0.687761764;0.879105695;0.67236;0.7364507382;0.7269338099
"Emilianópolis";0.5269604467;0.7053075836;0.9242180219;0.7589601715;0.6572106296;0.953083541;0.794815;0.7393173926;0.7470018137
"Engenheiro Coelho";0.5347757588;0.7174395418;0.9407524029;0.7409569983;0.6232373529;0.9191884743;0.838046;0.7314992768;0.7458477443
"Espírito Santo do Pinhal";0.547296739;0.7331500062;0.9459030417;0.859687368;0.7327804661;0.9353087605;0.878182;0.7790917868;0.7925316456
"Espírito Santo do Turvo";0.5254839666;0.6956216499;0.9241722145;0.7696460426;0.6375672017;0.9343984758;0.868311;0.7328342628;0.7508098915
"Estiva Gerbi";0.5358597484;0.7222851996;0.9427833749;0.8335854871;0.7036525055;0.9510247309;0.876642;0.7669705003;0.7817548873
"Estrela do Norte";0.5217311325;0.7242179776;0.9227645736;0.6953688014;0.6517241144;0.9343393642;0.809349;0.7269955752;0.7382262628
"Estrela d'Oeste";0.5362336453;0.7289951815;0.9271491521;0.7700907825;0.6755458187;0.9272933428;0.905237;0.7477797497;0.7684740626
"Euclides da Cunha Paulista";0.5070558948;0.7226927701;0.9177065601;0.6341365837;0.6095851101;0.9134164755;0.792118;0.7010783626;0.7134135003
"Fartura";0.5309526023;0.7133508047;0.9335619008;0.7530680147;0.6593641478;0.9309407843;0.89484;0.7394303453;0.7598584811
"Fernando Prestes";0.5486732615;0.6912829952;0.9444668634;0.8013812853;0.6699296605;0.9450543589;0.902953;0.7526278149;0.7724637439
"Fernandópolis";0.5490692569;0.7454009065;0.937989005;0.8863876439;0.6988551987;0.9531189686;0.884206;0.7808401443;0.7948316997
"Fernão";0.5179743776;0.6601390972;0.9240527174;0.6525526955;0.6268061829;0.9338019414;0.890337;0.7029763032;0.7271094527
"Ferraz de Vasconcelos";0.513072059;0.721198224;0.941863526;0.883674239;0.675889147;0.896340711;0.6227;0.7559219627;0.7352730768
"Flora Rica";0.519978861;0.7387579496;0.9230998395;0.7432105029;0.6504925752;0.947023753;0.839658;0.7385987997;0.7522546125
"Floreal";0.5379958803;0.7256591387;0.9273094893;0.7627372876;0.6710848073;0.9637653634;0.916916;0.7504296824;0.772220573
"Flórida Paulista";0.5317071655;0.6977428053;0.9359106974;0.7640830959;0.601424416;0.589543434;0.837727;0.6743830159;0.6956057763
"Florínia";0.5141912452;0.6812075675;0.9237132287;0.7824738579;0.6390277109;0.9389583814;0.878354;0.7304595914;0.7499550802
"Franca";0.5460837134;0.7339694694;0.9431070049;0.9045720073;0.7212972571;0.9484195782;0.865113;0.7849512539;0.795931268
"Francisco Morato";0.505700471;0.701189669;0.940170076;0.796810058;0.657451843;0.878231044;0.58162;0.7316338746;0.708039443
"Franco da Rocha";0.518766473;0.727125011;0.94414566;0.814987545;0.664770455;0.666200624;0.64084;0.7104081747;0.7000255668
"Gabriel Monteiro";0.5405682638;0.7243699724;0.929198317;0.7858259298;0.6679556005;0.9703142811;0.878211;0.7550649232;0.7715388626
"Gália";0.5237818243;0.6871478436;0.9237528414;0.7364812541;0.671269917;0.9133477383;0.878206;0.7290241353;0.7486736504
"Garça";0.536911521;0.7325864015;0.926005098;0.8623505731;0.7095184377;0.9410076125;0.877154;0.7707897642;0.7851559493
"Gastão Vidigal";0.5376380695;0.686094093;0.9345850408;0.7901386249;0.6057766662;0.9174186185;0.803213;0.7300388689;0.7400692775
"Gavião Peixoto";0.5307516838;0.6856592633;0.9370669145;0.7952707367;0.6383855193;0.9428902022;0.842689;0.7392731177;0.7532308788
"General Salgado";0.5398857758;0.7223001033;0.9447440295;0.8070251251;0.666462936;0.9381741477;0.868833;0.7554633027;0.770704825
"Getulina";0.5275781523;0.6709545951;0.9246594359;0.7428440682;0.6130425433;0.5665266049;0.829008;0.6623614588;0.6839406788
"Glicério";0.5313103589;0.6871302366;0.9332331698;0.720269386;0.6456615101;0.9078634833;0.886857;0.7238517886;0.7451611695
"Guaiçara";0.5327314153;0.712345344;0.9381272439;0.8022727225;0.6782350856;0.9308257322;0.872677;0.7516319241;0.7678374004
"Guaimbê";0.5228616289;0.7014322478;0.929582356;0.7628548038;0.6495389265;0.9344524822;0.815114;0.7351525089;0.7460763747
"Guaíra";0.5384448778;0.7075198105;0.9455515899;0.8811777943;0.6919800182;0.9427594504;0.862139;0.769166769;0.7818078964
"Guapiaçu";0.5412856051;0.6913578633;0.9472258916;0.7946960079;0.6949941026;0.9445986337;0.819214;0.7548061003;0.7636874998
"Guapiara";0.4906757604;0.7002721226;0.9100024295;0.5672066534;0.5704216588;0.8921769805;0.886464;0.6697541117;0.6971201459
"Guará";0.5262407251;0.6934100225;0.9226061944;0.8481079837;0.6371006539;0.9317397687;0.837806;0.743916392;0.75665572
"Guaraçaí";0.5286627256;0.7200221877;0.9274959314;0.7705775165;0.6393765624;0.9408300667;0.860654;0.7395828006;0.7557754363
"Guaraci";0.5303304471;0.7177979443;0.9237592841;0.7876768453;0.6708930605;0.9262092509;0.860085;0.7458239868;0.7611669486
"Guarani d'Oeste";0.5242298516;0.7185650433;0.905290493;0.7806332236;0.6438815316;0.9484805244;0.867308;0.7387704827;0.7558950632
"Guarantã";0.5223474619;0.6798095435;0.9314803592;0.7850150113;0.6420153858;0.9212812223;0.865195;0.7317948421;0.7495119834
"Guararapes";0.5378902054;0.7204755733;0.9314507832;0.8574002886;0.6690280991;0.9523407744;0.840713;0.7629256132;0.7735810952
"Guararema";0.525275758;0.72469728;0.931965899;0.719282163;0.665691398;0.88891537;0.81597;0.729730968;0.7414689672
"Guaratinguetá";0.5445430498;0.75288058;0.9394702056;0.8854779405;0.7489236602;0.933308845;0.858066;0.7874331017;0.7971558594
"Guareí";0.5251469183;0.6770054723;0.9260309728;0.5507064354;0.4826833086;0.4113792337;0.823246;0.5746285747;0.6049135003
"Guariba";0.5324449206;0.7111809594;0.9306399422;0.8715071518;0.6587770213;0.9379294811;0.815753;0.7580584275;0.766043686
"Guarujá";0.5340778159;0.7217287671;0.9365817123;0.8203014302;0.702491662;0.9057572677;0.788313;0.7571671839;0.7615400876
"Guarulhos";0.527162941;0.744147436;0.945626995;0.894093116;0.718731524;0.880640528;0.70217;0.7709247219;0.7607050529
"Guatapará";0.5257644571;0.7031112696;0.9445822051;0.7852794408;0.6559701483;0.9219613391;0.833361;0.7412180886;0.7537296573
"Guzolândia";0.5193564446;0.6985259167;0.9460306888;0.7621409441;0.6201616948;0.954668821;0.819642;0.7328094155;0.744626753
"Herculândia";0.518603898;0.6975084345;0.9511158621;0.7968072922;0.6484182353;0.9473213401;0.875169;0.7431116745;0.7606806122
"Holambra";0.564150778;0.7277436699;0.9324656583;0.734181232;0.7315302337;0.932273351;0.892918;0.7593305686;0.7771149584
"Hortolândia";0.5365047883;0.7206549335;0.9455945011;0.8082150991;0.6971104111;0.8151658822;0.739626;0.7427569735;0.7423088814
"Iacanga";0.540391102;0.7134648614;0.9214940229;0.8062195121;0.6841524616;0.9372753067;0.885602;0.7539475121;0.7714831875
"Iacri";0.526219707;0.6784778822;0.9175674721;0.731046462;0.6336924424;0.9382990592;0.831126;0.7226326835;0.7372182318
"Iaras";0.5083043628;0.6508900093;0.9294673073;0.3584112488;0.3583606032;0.3118251466;0.866594;0.4805586857;0.5227905783
"Ibaté";0.5258374277;0.6959445414;0.94164186;0.8754451722;0.6566614788;0.9261063293;0.796342;0.7538018601;0.7597369769
"Ibirá";0.5397757138;0.6997397541;0.9384865774;0.8106452756;0.6444049079;0.9411955598;0.857673;0.7473796237;0.7622217242
"Ibirarema";0.5255330443;0.6843046818;0.9325605843;0.7981546437;0.6434436055;0.9431480895;0.869272;0.7386703549;0.7560515135
"Ibitinga";0.5443698798;0.7076844584;0.9478018844;0.8814682465;0.7180289511;0.9483599027;0.885041;0.7764774614;0.7911304008
"Ibiúna";0.5240869088;0.6884650768;0.934453233;0.5221788211;0.6181414144;0.8893260826;0.830972;0.6775923389;0.6976348822
"Icém";0.5347188053;0.7167662373;0.9281712987;0.8370557685;0.6321241977;0.9423530387;0.816751;0.749578169;0.7588249596
"Iepê";0.5274145568;0.7105492164;0.9047444091;0.7810514925;0.6522173167;0.9178889492;0.849203;0.7356801753;0.750917564
"Igaraçu do Tietê";0.5307805979;0.6866788679;0.9442371494;0.9010702787;0.7205405137;0.9485267846;0.812554;0.7721519021;0.7777982435
"Igarapava";0.5403627654;0.7145209051;0.9286853804;0.8615462334;0.6791318789;0.9345679263;0.808105;0.7621996709;0.7685943556
"Igaratá";0.5239509205;0.6878330997;0.947520574;0.6175474474;0.6321621721;0.8802252457;0.84182;0.6996956338;0.7184259846
"Iguape";0.5143021076;0.7042609528;0.9220825373;0.6871077184;0.6312626016;0.9096605793;0.876989;0.7133554698;0.7347144621
"Ilha Comprida";0.5269007127;0.7040732386;0.9257871228;0.7388974168;0.6475806247;0.8949643239;0.863338;0.7265356224;0.7446639564
"Ilha Solteira";0.5558563754;0.7568835989;0.9405555701;0.8771887935;0.7248317842;0.9454033486;0.902619;0.7871435315;0.8026881752
"Ilhabela";0.5428365036;0.7288898694;0.9511396535;0.6739878403;0.6564070756;0.9148499818;0.8627;0.7307885613;0.7483196986
"Indaiatuba";0.5615385028;0.7486669354;0.9440167675;0.9007513699;0.7362110303;0.9414295935;0.842281;0.7925144078;0.7994397059
"Indiana";0.5327631125;0.7112055928;0.9455105677;0.7838451889;0.6722233654;0.9413886158;0.846009;0.7498103372;0.7628523763
"Indiaporã";0.5284167797;0.7311701523;0.9203862447;0.7809801009;0.6480121645;0.9431513871;0.887232;0.7440948261;0.7630339185
"Inúbia Paulista";0.5275194646;0.7374465843;0.9339297539;0.7828728775;0.6602958982;0.9241756717;0.862095;0.7468692996;0.7623354409
"Ipaussu";0.5305028691;0.6967623669;0.922258556;0.8576352305;0.6672536291;0.9479626442;0.856799;0.7548053727;0.7685965078
"Iperó";0.5230183063;0.6922948806;0.9248368056;0.6363407889;0.6363748398;0.6306054719;0.818338;0.6637516323;0.6839040729
"Ipeúna";0.5446687312;0.6986062833;0.9450819097;0.8029366007;0.6699810134;0.933755838;0.921319;0.7518569933;0.7740088511
"Ipiguá";0.5320403212;0.6960371251;0.9460102065;0.6747212965;0.6911387558;0.9432006054;0.810597;0.7321966737;0.7429144163
"Iporanga";0.4947992026;0.7122506336;0.9123786469;0.5826540775;0.5380007579;0.8525684792;0.851657;0.6642934693;0.6882955241
"Ipuã";0.532767459;0.6979204558;0.9494140165;0.8507600309;0.6536745566;0.9351766662;0.82433;0.7538939587;0.7635751955
"Iracemápolis";0.5479449646;0.7377333742;0.960188578;0.9085084267;0.731810059;0.9425548699;0.878855;0.7900801435;0.8021908982
"Irapuã";0.530183021;0.6861254259;0.9343282684;0.7964763706;0.6462162641;0.9381610478;0.877449;0.7399337425;0.7581731691
"Irapuru";0.5234319961;0.6944540164;0.9281939418;0.6561849597;0.5390237869;0.4608273682;0.824456;0.6166695335;0.642789716
"Itaberá";0.5004744987;0.6971135537;0.9279380629;0.664077497;0.6196024347;0.9031075315;0.863113;0.702607264;0.7235651458
"Itaí";0.5233258666;0.7001420101;0.9276859629;0.7259915738;0.6105216884;0.6861401445;0.819526;0.6850687201;0.7028335904
"Itajobi";0.5425659862;0.6909958636;0.9531649634;0.7751790669;0.6847457283;0.9495769725;0.889634;0.7514953033;0.7698313109
"Itaju";0.5322477942;0.6841522549;0.9584706717;0.6853003806;0.6707732311;0.9630842222;0.87416;0.7325339167;0.7512663
"Itanhaém";0.5313094665;0.7265104439;0.9375441348;0.7453747144;0.6552836702;0.9078854551;0.833843;0.7371729083;0.7502644262
"Itaóca";0.4877167888;0.7208188604;0.864020515;0.4944725171;0.5445619003;0.872647514;0.882642;0.6440570841;0.6737143884
"Itapecerica da Serra";0.515133927;0.71827615;0.939714793;0.776815553;0.688473878;0.780333124;0.60992;0.724906812;0.7072395932
"Itapetininga";0.5355048682;0.7345357945;0.9394038374;0.8481982873;0.6821748961;0.8142309126;0.845688;0.7472425115;0.7605713158
"Itapeva";0.5191729237;0.7293105942;0.9135870563;0.7828135522;0.640854345;0.9127232531;0.837436;0.7355663948;0.7493228676
"Itapevi";0.511005011;0.710177348;0.936817707;0.846227872;0.661791394;0.886004551;0.67298;0.7433304262;0.7328471004
"Itapira";0.5484170889;0.724782519;0.9411477756;0.8816619108;0.7424218835;0.9370072452;0.865349;0.7824298014;0.7937702169
"Itapirapuã Paulista";0.4776587687;0.7063132029;0.9296193306;0.5471409898;0.5096838601;0.8813875773;0.840172;0.6523758572;0.676384491
"Itápolis";0.541942298;0.7041769052;0.9384085052;0.8463864614;0.6974423466;0.957007895;0.860318;0.7661901253;0.7789785035
"Itaporanga";0.5125927482;0.6918574601;0.8985315393;0.7247660647;0.6439311706;0.9095570743;0.840226;0.7164704412;0.7329657531
"Itapuí";0.5376588832;0.6878016609;0.9371818135;0.8534838059;0.687712213;0.9357145766;0.88109;0.7584434747;0.7748592078
"Itapura";0.516201079;0.7100508114;0.9197500563;0.6603741079;0.6479411343;0.9261234825;0.833516;0.7149825471;0.7308232736
"Itaquaquecetuba";0.504978561;0.705657507;0.936656461;0.848583393;0.650434283;0.888342069;0.64688;0.7395841074;0.7255685491
"Itararé";0.5124272132;0.6991683754;0.9150292006;0.8183168173;0.6301360469;0.9120775479;0.878177;0.7322725371;0.7515285879
"Itariri";0.5025267665;0.6789916556;0.9195576186;0.6510107474;0.5957361549;0.8683988319;0.832335;0.687586469;0.7066108442
"Itatiba";0.5604355592;0.7341648454;0.9477939908;0.8526092854;0.7318058136;0.9394317453;0.845105;0.7819411356;0.7906669334
"Itatinga";0.5247846013;0.6925838375;0.9464625032;0.7983671335;0.6349821335;0.8997739009;0.807331;0.7344164557;0.7444150528
"Itirapina";0.5390924837;0.6939778865;0.9443994638;0.6507471523;0.5680211125;0.4319093431;0.890317;0.6192827728;0.6522457187
"Itirapuã";0.5182612801;0.6844189168;0.9268402516;0.7513103935;0.6368311436;0.9012507988;0.85121;0.7220947176;0.7392651721
"Itobi";0.5316118683;0.6780273647;0.9240664884;0.795077372;0.660688615;0.9152023783;0.883456;0.7369048438;0.756248925
"Itu";0.5539392411;0.744437373;0.9432424846;0.8371493864;0.7273305607;0.9251705896;0.841806;0.7764468132;0.7854635591
"Itupeva";0.5485283399;0.7271829339;0.9535554706;0.7971076805;0.6873969951;0.9198656227;0.837503;0.7593458441;0.7700478766
"Ituverava";0.5461113496;0.7354772242;0.9293382892;0.887904194;0.7131522334;0.9541407632;0.860581;0.7801848468;0.791192939
"Jaborandi";0.5248484623;0.6882162234;0.9462047754;0.8194941531;0.6680042392;0.9193070809;0.843843;0.7457414376;0.759024686
"Jaboticabal";0.5481670517;0.7427918779;0.941700612;0.9147362568;0.734633686;0.9347758986;0.877785;0.7887896333;0.8009282593
"Jacareí";0.5440546641;0.7503833857;0.9396720707;0.895550016;0.7267657155;0.929941179;0.793965;0.7839835868;0.7854017833
"Jaci";0.5341987767;0.7049621136;0.9497316643;0.7723369594;0.6622215458;0.9432268596;0.911897;0.7461325356;0.7678264943
"Jacupiranga";0.5166729967;0.7084477483;0.9423186769;0.6701334492;0.6250122336;0.8981090117;0.852786;0.711513879;0.7301633757
"Jaguariúna";0.5554758568;0.7502682115;0.9465988493;0.8717715482;0.7297266466;0.9414228111;0.86872;0.786259465;0.7975420519
"Jales";0.5453859661;0.7417759381;0.9356966516;0.8629217261;0.7014706212;0.9611192719;0.895851;0.7771025341;0.7930504559
"Jambeiro";0.5356695993;0.726640865;0.9419499708;0.6606171918;0.658035739;0.9187649368;0.871147;0.7260079952;0.7451583155
"Jandira";0.527754157;0.731461216;0.942964371;0.892019311;0.703766732;0.911268082;0.7205;0.7698886193;0.7626310502
"Jardinópolis";0.534870428;0.7021839736;0.934938939;0.8644822521;0.6921778591;0.942039321;0.838139;0.7634037002;0.7736576102
"Jarinu";0.5358579931;0.7110636668;0.9339673297;0.5678289429;0.649416708;0.8924066033;0.813077;0.6994643869;0.7146668162
"Jaú";0.5548518999;0.7220086276;0.9526542683;0.9223723668;0.7518677663;0.9393072361;0.891723;0.7929607663;0.8063699031
"Jeriquara";0.5239675995;0.6998999906;0.9263983025;0.7636722666;0.5981087502;0.9381048665;0.870581;0.7252918362;0.7444591046
"Joanópolis";0.532189353;0.6928008707;0.9316533796;0.6886596391;0.6511924338;0.9021669569;0.884973;0.7197057579;0.7412760752
"João Ramalho";0.5302009868;0.707209364;0.9257655018;0.7682363252;0.670201848;0.93001826;0.808451;0.7415041347;0.7507173483
"José Bonifácio";0.5452224357;0.7194465303;0.9334834198;0.8133891823;0.6749237784;0.9448606937;0.875006;0.7581700519;0.7738533795
"Júlio Mesquita";0.5153731714;0.7213210169;0.9351983848;0.8217060772;0.6134992788;0.9308906421;0.771964;0.7392032941;0.7437968661
"Jumirim";0.5414003428;0.6908430142;0.9398690992;0.6632732595;0.6844939916;0.9412420417;0.91794;0.7291017137;0.7534901385
"Jundiaí";0.5715039108;0.7612481979;0.9488550829;0.9035396134;0.7585229466;0.9409864532;0.797851;0.8020610827;0.8014582849
"Junqueirópolis";0.5378437618;0.703839033;0.9197611823;0.7912199424;0.6566875312;0.6707822619;0.878683;0.7036235298;0.7263148222
"Juquiá";0.5074512393;0.6943991293;0.9167466487;0.6306572996;0.6191486772;0.8915916967;0.858998;0.694759565;0.7161432595
"Juquitiba";0.506097411;0.71787452;0.93595005;0.636715014;0.626510005;0.867939651;0.78714;0.7000832058;0.7119039784
"Lagoinha";0.520293292;0.6713923139;0.9037137487;0.6502706606;0.6201894885;0.8995288449;0.856613;0.6968642567;0.7177172751
"Laranjal Paulista";0.544767333;0.7092532999;0.9423842161;0.8194001066;0.7137132996;0.9575278623;0.887404;0.7671882486;0.7833093139
"Lavínia";0.5315673319;0.6710419668;0.9181434515;0.3679177677;0.3279575084;0.2659307514;0.824441;0.46801442;0.5074436887
"Lavrinhas";0.501420105;0.7337037728;0.9261760586;0.8104000887;0.680772368;0.8804104558;0.826848;0.7409696839;0.752669028
"Leme";0.5365491899;0.7095653263;0.940265333;0.8986343812;0.6961006315;0.9266863313;0.826413;0.7694375225;0.7773298223
"Lençóis Paulista";0.5465049368;0.7248998315;0.9375947025;0.9018173167;0.7375112654;0.9472920507;0.865458;0.7850121751;0.796029556
"Limeira";0.5486421228;0.7375423165;0.9455521835;0.9049321268;0.7329622669;0.9388125414;0.844328;0.7873593999;0.7952561598
"Lindóia";0.5414914247;0.7075947453;0.9566926962;0.7995631148;0.6696482378;0.9511759139;0.889812;0.7559936734;0.7738015647
"Lins";0.5516436716;0.7563675166;0.9352305195;0.9172851086;0.7390479987;0.9236689196;0.866467;0.7906796897;0.8010864038
"Lorena";0.5361161821;0.7508661107;0.9260875597;0.8917687711;0.7234735263;0.9178641665;0.867566;0.7774177725;0.7896985313
"Lourdes";0.5310564933;0.7141202098;0.9310087832;0.7591206499;0.6588948824;0.902716449;0.789715;0.7363608441;0.7437562771
"Louveira";0.5538883946;0.7327596331;0.9557049926;0.8239032235;0.6906521971;0.9298034705;0.878229;0.7680197765;0.7828737692
"Lucélia";0.5378113463;0.7336067143;0.9283402469;0.8296681345;0.6516017251;0.6618626364;0.858799;0.7127039344;0.7319443568
"Lucianópolis";0.5346272705;0.683501178;0.934987608;0.7390890078;0.6474152662;0.9422583003;0.898686;0.732162779;0.7539142976
"Luís Antônio";0.5337001654;0.7087895603;0.9351315538;0.8556692187;0.6930861382;0.9445905096;0.838849;0.7635497575;0.7738780886
"Luiziânia";0.5276209341;0.6625112843;0.9310044925;0.8093433369;0.6235421863;0.9321819957;0.77218;0.7314102975;0.7371000226
"Lupércio";0.5231286905;0.7144053311;0.9164942516;0.8042418045;0.6593845112;0.942815925;0.866858;0.745199482;0.7614734171
"Lutécia";0.5171909891;0.7175428456;0.9127734005;0.728468611;0.6639425742;0.9374085123;0.8429;0.7317937056;0.7467208811
"Macatuba";0.5392727681;0.7112191699;0.9368252333;0.8762060534;0.6966297586;0.943855616;0.850767;0.7691258239;0.780290695
"Macaubal";0.5366606639;0.6993163697;0.9427613914;0.7955635068;0.6596652522;0.9491395122;0.829167;0.7487737778;0.7597626981
"Macedônia";0.5314557477;0.7008628706;0.9419238467;0.6794466045;0.6408942462;0.9553655111;0.875205;0.7256121335;0.7453046971
"Magda";0.5361669783;0.7191432434;0.9137951495;0.7792440237;0.6745504029;0.9645177559;0.888818;0.7504591749;0.7688206481
"Mairinque";0.5354347933;0.7227722345;0.9337324329;0.7459843348;0.6772892155;0.9066164702;0.8114;0.7409854172;0.7506575427
"Mairiporã";0.530495988;0.742005041;0.946557106;0.699150625;0.712926382;0.895339797;0.7676;0.7415489953;0.7452157244
"Manduri";0.5365728262;0.7032395992;0.9177409538;0.7936347125;0.6830583646;0.9277822774;0.844893;0.7473019366;0.760520971
"Marabá Paulista";0.5126340869;0.6845175998;0.9217862445;0.4503759686;0.4658361857;0.3804772713;0.858871;0.5436589957;0.5803609747
"Maracaí";0.5329300145;0.7298739879;0.9269036209;0.796741874;0.6725579921;0.9412788581;0.87017;0.7526961968;0.7684533194
"Marapoama";0.543429307;0.6897054565;0.9521223702;0.7834428387;0.675558997;0.9686788771;0.920452;0.7534567345;0.7753159578
"Mariápolis";0.5235460997;0.7040188234;0.9432183246;0.743630249;0.6273850403;0.9426865842;0.716408;0.7312541217;0.7291145582
"Marília";0.5490732645;0.761077317;0.9389455332;0.9127110055;0.7401652971;0.9020387064;0.854497;0.7878274512;0.7970233197
"Marinópolis";0.521755175;0.7101113813;0.9280218915;0.7323124775;0.6826786766;0.9439465923;0.902812;0.738530795;0.7600284578
"Martinópolis";0.528551214;0.6894334341;0.9400069603;0.8033489625;0.6500237652;0.7132784578;0.823396;0.7095241424;0.7247724694
"Matão";0.5440421002;0.729486582;0.9382640774;0.9099783753;0.7228784138;0.946607013;0.860019;0.7838028265;0.7942626538
"Mauá";0.525237488;0.737262708;0.945275782;0.91010846;0.714047323;0.892118075;0.67727;0.7723186101;0.7579641957
"Mendonça";0.5406703233;0.6878580894;0.941400676;0.7583299583;0.6797456288;0.9565877298;0.878701;0.7462011059;0.7638298667
"Meridiano";0.5363045124;0.6852280878;0.9361091125;0.7167893657;0.6926949748;0.9151159715;0.905945;0.7339454814;0.7563562099
"Mesópolis";0.5229578854;0.6954153637;0.9379578132;0.7166093892;0.6263952526;0.9687416028;0.826667;0.7275656735;0.7409601123
"Miguelópolis";0.5286033607;0.7051049589;0.9454718235;0.7959999265;0.6456794268;0.9285207934;0.835379;0.7429489644;0.7554990464
"Mineiros do Tietê";0.5405305776;0.6991418177;0.9216519519;0.8666313377;0.688429889;0.9345328941;0.845993;0.7609805068;0.7725809488
"Mira Estrela";0.5300507708;0.6969200914;0.9227012669;0.7478875907;0.680440857;0.9571246018;0.911262;0.7413548395;0.7635343406
"Miracatu";0.5036185323;0.7024665094;0.9287797032;0.5954948442;0.6147827008;0.8637686785;0.850485;0.6856558565;0.7070855646
"Mirandópolis";0.5377902814;0.730402228;0.9473688726;0.7531595876;0.6539300335;0.5658701192;0.841817;0.6854432975;0.7058639225
"Mirante do Paranapanema";0.5070427623;0.7075132237;0.9229607021;0.6089879696;0.6261666647;0.9203024407;0.826198;0.6985517714;0.7155019446
"Mirassol";0.547998853;0.7310757795;0.9504403023;0.8885098915;0.7132890638;0.9616390891;0.874292;0.7839128888;0.7962283179
"Mirassolândia";0.5305527529;0.7013191503;0.9234755835;0.737342821;0.639464072;0.9505030156;0.826349;0.7321242609;0.7448966866
"Mococa";0.5400969271;0.7325871242;0.9373084158;0.8486797033;0.6854808415;0.9174146284;0.865522;0.7634015728;0.7772170957
"Mogi das Cruzes";0.531719873;0.755160521;0.939192585;0.852151709;0.724662332;0.910543558;0.7603;0.7722152244;0.7705016846
"Mogi Guaçu";0.5443968084;0.7284476908;0.9402626574;0.8975836128;0.7377109328;0.9534495062;0.851769;0.7857848665;0.7948885772
"Moji Mirim";0.5501972976;0.7390705277;0.9442196112;0.8850211202;0.7493095358;0.9297033352;0.861575;0.7865133636;0.796822134
"Mombuca";0.522374251;0.6719293067;0.926984722;0.7501594914;0.6475034914;0.9158402439;0.876113;0.7246009426;0.7445246316
"Monções";0.5385661501;0.7172451724;0.9144936279;0.7683479597;0.643838967;0.97522378;0.896216;0.7445967604;0.7645747217
"Mongaguá";0.5317911175;0.7182925097;0.9388220677;0.8220067732;0.6940073773;0.7961666764;0.81415;0.7390007246;0.7492959293
"Monte Alegre do Sul";0.5486363578;0.7113378409;0.9336125802;0.7374283395;0.6956595159;0.9447151084;0.868899;0.7490154358;0.7650714333
"Monte Alto";0.5465290467;0.7298947209;0.9395796635;0.8936872073;0.7517259179;0.9512202373;0.902311;0.7880532014;0.8034440515
"Monte Aprazível";0.5537976145;0.7369343699;0.9440691662;0.831038407;0.6904231168;0.9469253381;0.848129;0.7705591419;0.7811902698
"Monte Azul Paulista";0.5384099228;0.6976940336;0.934985526;0.8485683783;0.6992541063;0.9385118572;0.87624;0.7618873525;0.7772608775
"Monte Castelo";0.5346258062;0.7019331768;0.9136128286;0.7336133226;0.6384996176;0.9521592028;0.852354;0.7312640379;0.7474476095
"Monte Mor";0.5319380976;0.7117936474;0.9393060286;0.7749551804;0.6535975176;0.9116670761;0.766673;0.7400156891;0.7437663628
"Monteiro Lobato";0.5246142329;0.7016460345;0.8969366003;0.5667570873;0.646722092;0.8718248875;0.833031;0.6874017522;0.7065324919
"Morro Agudo";0.5319248655;0.6855374653;0.9445061334;0.8572671435;0.6573425817;0.9217934134;0.816165;0.75065083;0.7596777338
"Morungaba";0.5401922052;0.7033675204;0.9338301185;0.7643403161;0.6885305092;0.9219804965;0.871693;0.7458560756;0.7626542213
"Motuca";0.5230164075;0.7036513871;0.9477301402;0.7436152555;0.6758412616;0.9118501354;0.828436;0.7366802086;0.7491380461
"Murutinga do Sul";0.5298843056;0.7314322812;0.9449564717;0.6653705805;0.663831495;0.9418486647;0.885949;0.7308219673;0.7511973377
"Nantes";0.5186498779;0.725777975;0.9011976805;0.7759623601;0.6439957509;0.948903808;0.883368;0.7374637251;0.7567297457
"Narandiba";0.5181313656;0.6955942328;0.9325024419;0.67734803;0.6177189647;0.9091600381;0.808315;0.709765409;0.7230717161
"Natividade da Serra";0.5111235909;0.6816388177;0.9115591594;0.5235942888;0.5758580037;0.8987697164;0.861332;0.6644627508;0.6895577304
"Nazaré Paulista";0.5225666826;0.6704897842;0.9428649353;0.5235755112;0.6345909863;0.905206841;0.828851;0.6805615409;0.6999987576
"Neves Paulista";0.5459703937;0.7235000467;0.9393805171;0.8216433603;0.6935738395;0.9588092519;0.87017;0.7664660316;0.7804874789
"Nhandeara";0.5447188015;0.7132662135;0.9437389875;0.7709172209;0.6968343383;0.9190118643;0.877848;0.7521233192;0.7689163444
"Nipoã";0.5342283005;0.6971109068;0.9268032379;0.7844570641;0.6160993042;0.9212949664;0.881263;0.7318787724;0.7515587239
"Nova Aliança";0.5366750073;0.7016015124;0.943649047;0.7831947544;0.6782653458;0.9618639808;0.834972;0.7524874172;0.7637522115
"Nova Campina";0.4853328156;0.6801422672;0.9184853423;0.6346873516;0.5638531415;0.906691722;0.847821;0.6794375188;0.7012710374
"Nova Canaã Paulista";0.5246774399;0.6742202007;0.9293466999;0.5935861425;0.6460625001;0.9442085397;0.860941;0.70137404;0.7222164217
"Nova Castilho";0.5288832157;0.7003185159;0.9251134749;0.6542014413;0.6138510473;0.9506175383;0.936087;0.7124785383;0.7408097762
"Nova Europa";0.5421548698;0.7145428273;0.9471178715;0.8411304471;0.6414227997;0.9581197066;0.851555;0.7579906754;0.7706995865
"Nova Granada";0.5368591666;0.7094114973;0.9222160889;0.8189381621;0.6467865946;0.9470338896;0.805323;0.7487350347;0.75656881
"Nova Guataporanga";0.5335335705;0.6990128065;0.9094560605;0.7777613896;0.6385038635;0.9689032809;0.867155;0.7392417561;0.7562892952
"Nova Independência";0.525529766;0.7092935;0.9432028009;0.7193703978;0.6321046651;0.9423217634;0.90009;0.7294488772;0.7516859668
"Nova Luzitânia";0.5375076137;0.7263008179;0.9303688531;0.8117758236;0.6186321429;0.9611761899;0.788084;0.7481200929;0.753702682
"Nova Odessa";0.5529028904;0.7484076516;0.9535064535;0.9158005031;0.7222037292;0.9387789527;0.846208;0.791022999;0.7986805587
"Novais";0.5270662993;0.669145807;0.9302341879;0.7898685358;0.6073801623;0.911480677;0.775504;0.7235305361;0.7307364102
"Novo Horizonte";0.5414776412;0.7191810918;0.9439101739;0.8493258673;0.6744778672;0.9475870521;0.874214;0.7644253922;0.7792219862
"Nuporanga";0.5407016396;0.7115957259;0.9506872886;0.8366980237;0.7026908076;0.9367792946;0.903994;0.7656550779;0.7840392291
"Ocauçu";0.5268709877;0.6918946996;0.9445898956;0.7454045188;0.6390103595;0.9438917879;0.847273;0.73277102;0.7481284217
"Óleo";0.5359804699;0.6836080483;0.9356184664;0.7228418529;0.64184773;0.9540856278;0.837646;0.7303307643;0.7447756024
"Olímpia";0.5434763144;0.7395257889;0.9433749572;0.8682783363;0.7284327744;0.9482158393;0.85301;0.7812601204;0.7911282006
"Onda Verde";0.5334054287;0.7152755309;0.9524242076;0.7567062649;0.6640358216;0.9469736222;0.85402;0.7463966086;0.7608982223
"Oriente";0.5329186546;0.7518548232;0.9395555808;0.8319700552;0.6968759438;0.9444093548;0.873183;0.7685818769;0.7827202813
"Orindiúva";0.5407770407;0.7213693731;0.9345191148;0.8052045501;0.6755035209;0.9546266171;0.896033;0.7577429743;0.7761081006
"Orlândia";0.5476443227;0.7255166937;0.950448926;0.8999373477;0.7308471612;0.9440974888;0.878621;0.785274951;0.7979768499
"Osasco";0.536790471;0.749563414;0.946707582;0.893936134;0.737571074;0.912376913;0.70764;0.7822620857;0.7711383374
"Oscar Bressane";0.530707844;0.7208725184;0.9520345867;0.7649067678;0.6621056041;0.9778889566;0.876868;0.7516782809;0.7684037255
"Osvaldo Cruz";0.5410769309;0.7310981933;0.9344330893;0.8630857726;0.7113215616;0.7817913065;0.881759;0.7496046712;0.7671958227
"Ourinhos";0.5439206227;0.733313824;0.9402873822;0.9081690221;0.7174942175;0.9423545614;0.866976;0.7829143237;0.7944046668
"Ouro Verde";0.518734796;0.6770739141;0.9103518862;0.7602444743;0.6275649856;0.9495237235;0.78522;0.724688594;0.7330414935
"Ouroeste";0.5362272257;0.7402414091;0.9442401388;0.8107757622;0.6712151916;0.9416161579;0.899009;0.7595800013;0.7780890617
"Pacaembu";0.5320848701;0.6656146213;0.9297556845;0.675506221;0.5661735568;0.4537643549;0.823088;0.6206265058;0.6461701383
"Palestina";0.5379732434;0.6909714659;0.9402511171;0.7636212219;0.6453154555;0.9453845884;0.824078;0.7389593302;0.750558428
"Palmares Paulista";0.5345598986;0.6886701274;0.9414389149;0.8370655098;0.6210060884;0.9328139253;0.770738;0.7428623518;0.7467819939
"Palmeira d'Oeste";0.536447353;0.7246034378;0.9187005602;0.7237131808;0.6455897859;0.9561578161;0.875718;0.7364484714;0.754898135
"Palmital";0.5383386773;0.7111778696;0.9395554472;0.8419229061;0.7047949234;0.9501525844;0.887366;0.7665034484;0.7827051817
"Panorama";0.529120063;0.6993708905;0.9127094184;0.843841696;0.6404899077;0.9258351369;0.908468;0.7435614643;0.7651461744
"Paraguaçu Paulista";0.5329254801;0.7250270004;0.924379011;0.8415135841;0.6898320955;0.8024816601;0.844448;0.7416262001;0.7555104415
"Paraibuna";0.5258519685;0.7036704754;0.9255200776;0.6091222109;0.6352913312;0.9016884462;0.829692;0.7018194899;0.718803067
"Paraíso";0.5460932405;0.7012386053;0.9291619254;0.7911321013;0.6745994949;0.9583441097;0.845706;0.7527892697;0.7654102538
"Paranapanema";0.5256417521;0.697061348;0.9275050559;0.7446003601;0.6227900295;0.9199180987;0.862847;0.7247950183;0.74307413
"Paranapuã";0.5307517193;0.683783966;0.9285841378;0.7979925539;0.6258412131;0.9597772513;0.908658;0.7379792864;0.7602426193
"Parapuã";0.5286017295;0.7109507753;0.9150270457;0.7778681092;0.6688342837;0.9327690548;0.874311;0.7419935173;0.7595929828
"Pardinho";0.5348501303;0.708777868;0.9355837717;0.6967427688;0.6788556791;0.9200726269;0.863072;0.7324019551;0.7497817352
"Pariquera-Açu";0.5217484454;0.7131464329;0.931729566;0.6837036248;0.6278231114;0.9042827449;0.882563;0.7158519242;0.7375850883
"Parisi";0.5375700203;0.6415542991;0.9446316577;0.7550435737;0.6391202664;0.941100179;0.902361;0.7272553132;0.7500179826
"Patrocínio Paulista";0.5294525647;0.7140175913;0.9286782223;0.7443234765;0.6707231252;0.9237725887;0.840858;0.7382643256;0.7521160408
"Paulicéia";0.525735069;0.6994330497;0.9217763572;0.7060577666;0.65882176;0.9327434483;0.883778;0.726526578;0.747149415
"Paulínia";0.5632468327;0.7580596472;0.9425669248;0.8898953868;0.7443414429;0.9369273106;0.836974;0.7935760722;0.7996352078
"Paulistânia";0.520483377;0.6954700189;0.9321976702;0.6568888464;0.6259570795;0.9390536028;0.815233;0.7120109719;0.7259153519
"Paulo de Faria";0.5299466974;0.6965070739;0.9097767954;0.8053691541;0.6059491411;0.9177893293;0.808672;0.7292522726;0.7401015396
"Pederneiras";0.5368346923;0.7159042189;0.9369660935;0.8557653354;0.6854452956;0.9328422795;0.857197;0.7628266325;0.7756436591
"Pedra Bela";0.5210664851;0.70802127;0.9011072849;0.4255542744;0.6119107629;0.8834765946;0.884812;0.6515168825;0.6806361423
"Pedranópolis";0.5324902862;0.6790573831;0.9334928095;0.6847279648;0.6289992426;0.9557064506;0.891224;0.7196759248;0.7419954562
"Pedregulho";0.5295439359;0.6943940505;0.9383855474;0.74137493;0.6851554442;0.9204184392;0.849627;0.7378197394;0.7528427545
"Pedreira";0.5489671476;0.7144329312;0.9511437993;0.9090767741;0.7212667093;0.9348418727;0.894921;0.7819844215;0.797200597
"Pedrinhas Paulista";0.5335247235;0.7448062726;0.9211520084;0.7824466913;0.6909131527;0.9504307155;0.886363;0.7569281265;0.774191675
"Pedro de Toledo";0.5105121879;0.6941338323;0.9270732706;0.6427899698;0.5995666304;0.886091809;0.830729;0.6944773867;0.7124798315
"Penápolis";0.545213658;0.7298916049;0.9396864319;0.8846984388;0.7078413019;0.9456507086;0.868602;0.7778186056;0.7901822242
"Pereira Barreto";0.5334482267;0.7331901591;0.9184604641;0.8431242177;0.6856576441;0.9491790655;0.867988;0.7628738609;0.7770723335
"Pereiras";0.5381783383;0.682839933;0.9236321867;0.7254363499;0.6703936259;0.9405941853;0.89781;0.7331271061;0.7546601941
"Peruíbe";0.5332257844;0.7197901644;0.9272692407;0.7589856033;0.6457618528;0.9031054116;0.851256;0.7348993762;0.7504932314
"Piacatu";0.5208845451;0.7137455743;0.9411251569;0.8144753529;0.6648389074;0.9309498962;0.813919;0.7488741288;0.7578378763
"Piedade";0.5224000506;0.7045036366;0.9282029349;0.5591367849;0.6197382604;0.8915774929;0.858904;0.6874415999;0.7096616794
"Pilar do Sul";0.5190709647;0.6829744742;0.9372414038;0.738623351;0.631144571;0.9025230235;0.893206;0.7204139958;0.7428833762
"Pindamonhangaba";0.5395181374;0.749170527;0.9379434475;0.8932049293;0.7154555768;0.9285860727;0.840392;0.7798658253;0.7882379148
"Pindorama";0.5426143351;0.703007582;0.9537741317;0.8538648298;0.682527095;0.9159607098;0.85818;0.7609926224;0.7741717068
"Pinhalzinho";0.5345262822;0.6934269688;0.9241025123;0.5880561315;0.6776288477;0.9344293649;0.855918;0.7094816733;0.7287570178
"Piquerobi";0.5155357321;0.6932634364;0.9237473466;0.684617107;0.6652016921;0.9116068565;0.874886;0.7180474724;0.7386012853
"Piquete";0.5287786168;0.7402437652;0.9244175157;0.8279714841;0.7033741868;0.9215093783;0.825819;0.7609738429;0.7699159568
"Piracaia";0.5337732519;0.7042669379;0.9452712249;0.6866004009;0.6674534145;0.8894584828;0.837686;0.7246865591;0.7398443415
"Piracicaba";0.5593610658;0.7412643899;0.9438535251;0.9297513048;0.7490160331;0.938727752;0.82594;0.796760735;0.8008652216
"Piraju";0.5407217422;0.7318827091;0.9212522266;0.8292967629;0.7180349896;0.9316972363;0.866393;0.7661621784;0.7797375619
"Pirajuí";0.5381137908;0.7125714482;0.9212422074;0.7482314971;0.630177306;0.5359242439;0.863562;0.6685179703;0.6934194282
"Pirangi";0.5456690219;0.7149815499;0.9330128592;0.8249872995;0.6788602921;0.9330074175;0.889125;0.7583518576;0.7757844141
"Pirapora do Bom Jesus";0.506472867;0.716554897;0.937644617;0.803255533;0.626538266;0.872448603;0.76343;0.7284462566;0.733344028
"Pirapozinho";0.5341247882;0.7330678251;0.9243018137;0.8636891855;0.7108119825;0.9380749295;0.822578;0.7700018018;0.7773017552
"Pirassununga";0.5586567258;0.7532178383;0.9429934722;0.8854150332;0.753750981;0.9443585252;0.866221;0.7937449959;0.8037150512
"Piratininga";0.5496957015;0.7448658999;0.9363454808;0.7858947092;0.7012832329;0.9269432315;0.849995;0.7620636591;0.7740451054
"Pitangueiras";0.5304925961;0.7057717891;0.9460262219;0.8650360995;0.6501732618;0.927506898;0.847356;0.7546945496;0.7672840495
"Planalto";0.5252893215;0.7005734282;0.9884179612;0.7540529513;0.6071302219;0.9384150684;0.862043;0.7339141399;0.7509804601
"Platina";0.5170535581;0.6940671434;0.917564163;0.7186428278;0.631637323;0.9328196396;0.882239;0.7200986612;0.7412951895
"Poá";0.521190638;0.755672299;0.94297586;0.92501791;0.719602758;0.907381223;0.69406;0.779490043;0.7666702928
"Poloni";0.548661707;0.7183544028;0.9306504839;0.8123780259;0.6628673166;0.9533518535;0.892521;0.757085045;0.7750954846
"Pompéia";0.5447782377;0.7498856881;0.939814352;0.8609318161;0.7297200428;0.9376706313;0.884527;0.7805583473;0.7946270278
"Pongaí";0.5374723024;0.7081201678;0.9416891171;0.7745176901;0.6564310479;0.9651162208;0.867424;0.7485057008;0.7644395679
"Pontal";0.5330289755;0.6908995076;0.9377024833;0.8803327987;0.619129647;0.9172534805;0.835102;0.7462049114;0.7583001873
"Pontalinda";0.5253796111;0.6895469049;0.9242060066;0.7503632471;0.660141055;0.9431258458;0.755381;0.7340302531;0.7370430083
"Pontes Gestal";0.5339502416;0.7212806944;0.9153083202;0.7738544319;0.6393556497;0.9682452288;0.913171;0.7434639968;0.7656247535
"Populina";0.5312794958;0.688517289;0.9220190081;0.7671563971;0.6162008448;0.9352562627;0.845627;0.7282029503;0.7439223989
"Porangaba";0.525762278;0.6791812626;0.9335162088;0.5925357987;0.6529110396;0.9237260934;0.873102;0.7014576673;0.7237389883
"Porto Feliz";0.5419563131;0.7267254668;0.9400712352;0.8227356565;0.701153277;0.9080987142;0.830329;0.7608229923;0.7703843034
"Porto Ferreira";0.5426159071;0.7291251352;0.9444095199;0.9076474223;0.7260011105;0.9407864495;0.875499;0.7836703412;0.7961740475
"Potim";0.5153903049;0.6809100183;0.9263071266;0.750926304;0.5565432884;0.4694802233;0.881484;0.6320951004;0.6628504695
"Potirendaba";0.5467779791;0.6948588755;0.9531836767;0.8296512259;0.6726985556;0.9523547569;0.848626;0.75985928;0.7719477562
"Pracinha";0.5161888258;0.6241795975;0.8840390532;0.3247762423;0.2536674293;0.2407591084;0.831554;0.4220237422;0.4649603998
"Pradópolis";0.5407696908;0.7016060988;0.941213529;0.8407008128;0.64491892;0.9173142666;0.820576;0.7497384178;0.7594707592
"Praia Grande";0.5423842753;0.7309066096;0.9321625831;0.8794346903;0.7026868851;0.920087516;0.767143;0.7710381569;0.7704804973
"Pratânia";0.5246424173;0.6749946495;0.9044592576;0.7505268443;0.6293673707;0.9124997589;0.832917;0.7189124287;0.7341896191
"Presidente Alves";0.5281481158;0.7063645699;0.9244205711;0.7646584114;0.6805495285;0.9221092025;0.842241;0.7409586424;0.7546453212
"Presidente Bernardes";0.5324403397;0.7329055364;0.9339350894;0.7359419287;0.6974292166;0.9262244817;0.856826;0.7466480429;0.7614746683
"Presidente Epitácio";0.5288341146;0.7217162973;0.9261549401;0.8311322221;0.6646123354;0.9359679516;0.875191;0.7533177256;0.7696295052
"Presidente Prudente";0.5522757507;0.7626355597;0.9388945968;0.9193223889;0.7415023358;0.9239852005;0.86035;0.7932118742;0.802472314
"Presidente Venceslau";0.5407831229;0.728698294;0.9324015637;0.8625497582;0.712897876;0.7882207525;0.860392;0.7500764608;0.7649243952
"Promissão";0.5390133715;0.7082078558;0.9325004736;0.7780683218;0.7047935947;0.9377833667;0.881626;0.753526606;0.7706184802
"Quadra";0.5275134949;0.6771483047;0.9262105131;0.5268230846;0.608547209;0.9080908232;0.897653;0.6770476564;0.7048840817
"Quatá";0.533851237;0.7264432837;0.9432101816;0.8387190188;0.6742872932;0.955660137;0.848831;0.7632483908;0.7749247227
"Queiroz";0.5150627644;0.7193703488;0.926398425;0.7374091578;0.616400103;0.9447400302;0.897175;0.7268012637;0.748999626
"Queluz";0.514257696;0.7167243471;0.9275381035;0.7265680891;0.6536175519;0.8636943565;0.847557;0.7207823401;0.7376600242
"Quintana";0.5236017819;0.72266423;0.9558887132;0.8144022071;0.6386386987;0.9540119519;0.865447;0.7510442051;0.766411345
"Rafard";0.5411528988;0.6999900848;0.9487943889;0.8743518441;0.6941657668;0.9247888155;0.860914;0.7658246294;0.7787370201
"Rancharia";0.5346176996;0.7048732706;0.9396053213;0.8300714128;0.6760651256;0.9265984448;0.884633;0.7542510095;0.7716286821
"Redenção da Serra";0.5063215425;0.6610366312;0.9266075165;0.5426724002;0.6217950972;0.8935250535;0.78841;0.6737104009;0.6890129376
"Regente Feijó";0.5395418147;0.727368754;0.9460610558;0.8409020206;0.7050585061;0.9454544824;0.87359;0.7698126003;0.78384665
"Reginópolis";0.5387230224;0.6999749751;0.9393526761;0.5076014036;0.4522152342;0.3439664635;0.880747;0.5509474007;0.5891365951
"Registro";0.5269237372;0.7275205612;0.9345967849;0.7780489578;0.6584279827;0.9156063902;0.862105;0.7428598558;0.758827518
"Restinga";0.5176098594;0.6946400684;0.9403089483;0.7514657601;0.6730282765;0.9019058575;0.888085;0.7323006887;0.7527588747
"Ribeira";0.5041824819;0.7344385238;0.9190098302;0.5921727997;0.5832197039;0.8854440001;0.869899;0.6858316397;0.7095250036
"Ribeirão Bonito";0.5322850877;0.7035538781;0.941100157;0.8370330135;0.6655251238;0.9186511984;0.79853;0.7516618914;0.7581850287
"Ribeirão Branco";0.4825780069;0.6582272617;0.8966660002;0.585660277;0.5536350372;0.8857586355;0.836701;0.658859993;0.6817394793
"Ribeirão Corrente";0.5266997524;0.6881391481;0.916343296;0.7075292237;0.6141056613;0.9227674767;0.870423;0.7145998021;0.7350232912
"Ribeirão do Sul";0.5258981132;0.7115474261;0.9227590899;0.7160066494;0.6806991726;0.9484888966;0.889208;0.7365174729;0.7566092903
"Ribeirão dos Índios";0.5175939167;0.7009301145;0.9310722859;0.7455478597;0.6639234952;0.964013986;0.807842;0.7377128762;0.7473456584
"Ribeirão Grande";0.5072267467;0.7180821469;0.9113789041;0.6335976382;0.5798429034;0.9093034049;0.854551;0.6931352621;0.7141781581
"Ribeirão Pires";0.534534825;0.756333879;0.942195637;0.889824957;0.748028041;0.915996951;0.7139;0.7840152726;0.7735921856
"Ribeirão Preto";0.5671765727;0.7630756643;0.9456409808;0.9304038647;0.757470518;0.9294863356;0.837922;0.802999738;0.8078980754
"Rifaina";0.5324997991;0.7169479805;0.9100129072;0.7746805468;0.6527523783;0.9427676604;0.908359;0.7410629018;0.7629287732
"Rincão";0.5302299939;0.7009125692;0.9449385236;0.8049676518;0.6437856631;0.9123869394;0.828033;0.7413758139;0.7531766984
"Rinópolis";0.5281486534;0.7017559535;0.922840342;0.7889057994;0.665744628;0.9485929496;0.793921;0.7445838194;0.7514396763
"Rio Claro";0.5572763449;0.7563839525;0.9502520282;0.9239166409;0.7420446702;0.9295717687;0.874481;0.7964641778;0.8071680825
"Rio das Pedras";0.5426423146;0.7343980169;0.9338414917;0.8795289945;0.6918950848;0.9399697769;0.847271;0.7727169444;0.7829517402
"Rio Grande da Serra";0.514364082;0.734000736;0.92355726;0.834081673;0.684995895;0.886337596;0.68701;0.7490102815;0.7398217668
"Riolândia";0.5223843363;0.7050908933;0.9212009754;0.7171583924;0.5420444367;0.5368800534;0.799768;0.6432100394;0.6635424338
"Riversul";0.4944764185;0.6856491632;0.9011678514;0.689814501;0.5957779585;0.9214189893;0.872739;0.6980521289;0.7206833734
"Rosana";0.5257302836;0.7336565854;0.9274737765;0.7545397863;0.6605301636;0.949488814;0.896609;0.7437671923;0.7638923686
"Roseira";0.5260322512;0.7305672687;0.9243438726;0.8417605497;0.6814651011;0.9261556594;0.874629;0.7573623651;0.7730991054
"Rubiácea";0.5270573267;0.6765348023;0.9031487606;0.7674595854;0.6322795964;0.9354028036;0.834941;0.7257913247;0.7404637037
"Rubinéia";0.536792802;0.7209958357;0.9153289626;0.7370343324;0.6674967447;0.9558925912;0.896622;0.7417833855;0.7621471981
"Sabino";0.5349536677;0.688707291;0.9476417214;0.7909758483;0.6558459042;0.9392961137;0.823408;0.7443784021;0.755186038
"Sagres";0.5192314103;0.7105487511;0.9224935144;0.7255836543;0.6734563885;0.94604278;0.859391;0.7347467104;0.7513798236
"Sales";0.5318969848;0.7035742584;0.9233777157;0.7901483548;0.6373011603;0.9350298664;0.853266;0.7388664531;0.7542184668
"Sales Oliveira";0.5429172452;0.7342459393;0.9553444464;0.8497617716;0.7177686792;0.9413023951;0.88703;0.7761714637;0.7911168229
"Salesópolis";0.51544941;0.720221524;0.927167322;0.689449413;0.640613187;0.884274739;0.77334;0.7157301186;0.7236895791
"Salmourão";0.5240287128;0.6910974992;0.9337647225;0.7925077682;0.6376976005;0.9231863713;0.868539;0.7350890054;0.7528177338
"Saltinho";0.5587254875;0.7269761352;0.9466377769;0.8387724567;0.7472889568;0.9607954035;0.877354;0.7836299361;0.7963796223
"Salto";0.5498014727;0.7454491869;0.9387273235;0.8731598532;0.7164319723;0.9226786269;0.831294;0.7781806549;0.7855552706
"Salto de Pirapora";0.5282094634;0.7083703396;0.9392198464;0.8309708936;0.6531131508;0.9161752855;0.790387;0.7477064091;0.7536595405
"Salto Grande";0.5162454362;0.6816375184;0.9097140772;0.6963628198;0.6625673097;0.9179400654;0.875294;0.7167467881;0.7375034719
"Sandovalina";0.5147290697;0.7108554518;0.922696022;0.6490939532;0.6172265541;0.9178601229;0.856633;0.7063032723;0.7260443643
"Santa Adélia";0.5477560515;0.7067395425;0.9378249529;0.8596488534;0.6983456661;0.9358438272;0.894381;0.7672328893;0.7842252719
"Santa Albertina";0.5340884652;0.7012476552;0.9382125687;0.7738912401;0.6623978018;0.9181793904;0.88578;0.7408871063;0.7600357364
"Santa Bárbara d'Oeste";0.5510160579;0.7274442355;0.9457322507;0.934174596;0.7395595312;0.9462469614;0.843958;0.7925432566;0.7996918488
"Santa Branca";0.529443364;0.7128801516;0.9529023673;0.7232879109;0.6945642301;0.8952580135;0.808953;0.738146751;0.7478692075
"Santa Clara d'Oeste";0.5309280903;0.680336184;0.921263515;0.7286550221;0.651291971;0.9503758015;0.904211;0.7289918959;0.7517727331
"Santa Cruz da Conceição";0.5456507651;0.7252655432;0.9415385584;0.7270309285;0.7088677965;0.9469706173;0.911276;0.7526922196;0.7735336543
"Santa Cruz da Esperança";0.5236102752;0.689779475;0.9372546625;0.6527344958;0.6473682319;0.9294597639;0.646205;0.7144125854;0.7042446498
"Santa Cruz das Palmeiras";0.5386452598;0.6979351131;0.9453439132;0.8797375239;0.6720768914;0.9340003589;0.825284;0.7623208665;0.7710125855
"Santa Cruz do Rio Pardo";0.5451110823;0.7200336244;0.9327302119;0.8383069721;0.709639014;0.9350730193;0.871135;0.7670317129;0.7811048611
"Santa Ernestina";0.5355560438;0.7083486056;0.928216921;0.8352110015;0.6838223548;0.9274482179;0.841003;0.7558839144;0.7674948186
"Santa Fé do Sul";0.5460828707;0.7411285326;0.9329323461;0.8768490215;0.7037514867;0.9430072974;0.901069;0.7768018296;0.793445442
"Santa Gertrudes";0.5425350371;0.6999523233;0.9479053239;0.8902299239;0.697618931;0.9366068296;0.879462;0.7705896348;0.7852759446
"Santa Isabel";0.514567543;0.714839232;0.940195078;0.716580782;0.673689717;0.879363503;0.76204;0.7263183931;0.7313170815
"Santa Lúcia";0.5296962347;0.7087708946;0.9227710219;0.853193626;0.6530328608;0.9204251431;0.766088;0.749778478;0.752086977
"Santa Maria da Serra";0.5192059373;0.6635686411;0.9324926332;0.8151823334;0.6075855256;0.9470527923;0.864327;0.729487543;0.7473787849
"Santa Mercedes";0.5271052457;0.7317217195;0.9120220605;0.768195428;0.618600687;0.9448901782;0.885876;0.7352223146;0.7550636681
"Santa Rita do Passa Quatro";0.5523048906;0.7326744426;0.9469376168;0.8703232232;0.73572944;0.9488326346;0.866183;0.7843320048;0.7955334919
"Santa Rita d'Oeste";0.5349309532;0.7167282782;0.9238664284;0.7054561709;0.6693291962;0.9602184473;0.895887;0.7372648875;0.7580773236
"Santa Rosa de Viterbo";0.5405343129;0.7255629667;0.93718777;0.8935335583;0.7077024175;0.956779129;0.839168;0.7783645321;0.7867732613
"Santa Salete";0.5400228952;0.705085496;0.9525574834;0.6818805416;0.706902278;0.9733447069;0.94976;0.7444118015;0.7707750083
"Santana da Ponte Pensa";0.5479210634;0.7245398535;0.9316274417;0.6907557144;0.6702930831;0.9580098174;0.941793;0.7398839763;0.7658326613
"Santana de Parnaíba";0.548908441;0.766028379;0.953570833;0.79356621;0.730221373;0.904107461;0.74972;0.7710086457;0.7679307947
"Santo Anastácio";0.5292023658;0.712206874;0.9201955007;0.8464586187;0.7019793496;0.9333974651;0.842238;0.7597734643;0.7710403038
"Santo André";0.553046325;0.771430407;0.942227587;0.929259447;0.785150503;0.930176087;0.73102;0.8053379991;0.7942755629
"Santo Antônio da Alegria";0.5272856237;0.6750775262;0.954585872;0.6976134403;0.6424600473;0.932630185;0.860026;0.722321989;0.7405538713
"Santo Antônio de Posse";0.5358814275;0.6931420051;0.9426095501;0.7813669059;0.6689869867;0.9168756571;0.860396;0.742678721;0.7584538864
"Santo Antônio do Aracanguá";0.5344720918;0.7069532606;0.9372755538;0.712113766;0.637804905;0.9283295948;0.870451;0.7283728392;0.7471529933
"Santo Antônio do Jardim";0.5300690722;0.6797400973;0.9473671421;0.6430214721;0.6856518974;0.9333549445;0.899234;0.7209883995;0.7441056908
"Santo Antônio do Pinhal";0.5208452386;0.6802821625;0.9076162834;0.6037837352;0.6296073255;0.9028352378;0.877731;0.6925906497;0.7164311402
"Santo Expedito";0.5139129075;0.7119591149;0.9061904809;0.7649379734;0.6247127885;0.9430723226;0.762065;0.7284548102;0.7331639481
"Santópolis do Aguapeí";0.5287050302;0.7164568717;0.8947511903;0.8481310527;0.6720818474;0.9504785714;0.823319;0.7539146917;0.7634593374
"Santos";0.5817758817;0.7893959827;0.9434698782;0.9435041009;0.8018345082;0.9406972983;0.795234;0.8219451729;0.8180750508
"São Bento do Sapucaí";0.5220659786;0.6943193701;0.9221897697;0.6631593039;0.6534787889;0.9199697621;0.855068;0.7146959399;0.7332413271
"São Bernardo do Campo";0.548425632;0.767701515;0.94644086;0.899358169;0.773295012;0.914579588;0.73204;0.7955189024;0.7861241153
"São Caetano do Sul";0.577956327;0.797616716;0.943549683;0.973299384;0.840678286;0.941016616;0.77609;0.833338159;0.8249082965
"São Carlos";0.5586799554;0.763357168;0.9512715495;0.9217336887;0.7563569429;0.9462909714;0.859045;0.8027717054;0.8105792183
"São Francisco";0.530343192;0.67097194;0.9134640705;0.7542328034;0.698435417;0.9696152328;0.870899;0.7413625682;0.7586154339
"São João da Boa Vista";0.5519857601;0.7447226279;0.9370791408;0.8951391706;0.7272140787;0.9435034995;0.865635;0.7864404476;0.7972941015
"São João das Duas Pontes";0.5242808853;0.7274609348;0.9234820097;0.7542214525;0.6446211816;0.965697878;0.877147;0.7408685256;0.7589567643
"São João de Iracema";0.5262215477;0.6970659309;0.9248034075;0.7712479776;0.652911105;0.950476729;0.880962;0.7386072756;0.7574402516
"São João do Pau d'Alho";0.5405729229;0.7298085289;0.9404205447;0.7610070216;0.674450939;0.9519603545;0.86958;0.7522990905;0.7680313826
"São Joaquim da Barra";0.5462824368;0.7320493411;0.9408425585;0.8996251178;0.7063890514;0.9334200955;0.864976;0.7788303567;0.790590537
"São José da Bela Vista";0.5173527372;0.6747197644;0.9208896222;0.7596982655;0.6096130795;0.8861008013;0.774544;0.7134815007;0.7219007371
"São José do Barreiro";0.5046098702;0.7042203366;0.9036624439;0.6755632677;0.6261879111;0.9055626873;0.904443;0.7052232588;0.7307401921
"São José do Rio Pardo";0.541167777;0.7234347763;0.9394813011;0.8520649549;0.7279229472;0.9309508776;0.856714;0.7724150406;0.7839297944
"São José do Rio Preto";0.5623665118;0.7552703004;0.94590936;0.8902047346;0.7252027814;0.9443032838;0.848859;0.7909919075;0.7990106036
"São José dos Campos";0.5584237447;0.7694757718;0.9431493592;0.8892412042;0.7598686966;0.9356034729;0.800177;0.7969508588;0.7974109385
"São Lourenço da Serra";0.515404006;0.7186406;0.926304;0.601836329;0.647166101;0.883560437;0.79024;0.7004179219;0.7125957299
"São Luís do Paraitinga";0.5216647464;0.6890844557;0.9297870023;0.6117523481;0.6117601112;0.9274340723;0.859618;0.698362981;0.7193999354
"São Manuel";0.5416502863;0.7179434093;0.9395409147;0.8875074862;0.721275585;0.9294028646;0.837672;0.7754140963;0.7840164306
"São Miguel Arcanjo";0.5144673811;0.6855318166;0.9418859504;0.6717439176;0.6105204476;0.9079631826;0.882142;0.7058720662;0.7287127251
"São Paulo";0.552214298;0.764049603;0.948433955;0.923716507;0.769122322;0.924364664;0.67317;0.8003297457;0.7807896937
"São Pedro";0.5453179583;0.7122382227;0.9415523583;0.8267134778;0.6914434681;0.9300317058;0.865243;0.7611229788;0.7751925412
"São Pedro do Turvo";0.5175941624;0.6786327688;0.9306017605;0.6761684159;0.6332032515;0.932750009;0.852899;0.7122381366;0.7308142262
"São Roque";0.5481311122;0.7292774816;0.9393210541;0.7245605502;0.7159308233;0.9066258089;0.819192;0.7490213373;0.7586651241
"São Sebastião";0.5442068588;0.7242426804;0.9304126262;0.7121033317;0.6669120221;0.9093405421;0.863259;0.7355467934;0.7525637224
"São Sebastião da Grama";0.5281288512;0.6996715725;0.9396246147;0.6916724729;0.6655419745;0.9233876438;0.890017;0.7269559321;0.7482794703
"São Simão";0.5414427578;0.7295919897;0.9423910749;0.8487768246;0.707141684;0.9263823243;0.862421;0.7691168575;0.7818009367
"São Vicente";0.5432731623;0.7378398368;0.9354694498;0.8988331013;0.7214512298;0.8991722058;0.74135;0.776169331;0.7710967635
"Sarapuí";0.5204840941;0.6749142977;0.921391401;0.6889218065;0.6264897659;0.9123773188;0.871781;0.70940314;0.7306020098
"Sarutaiá";0.5219448921;0.679111727;0.9056876151;0.7813381415;0.6224486341;0.8527532366;0.863209;0.7145813958;0.734133716
"Sebastianópolis do Sul";0.5481239156;0.718459465;0.9309275679;0.7309142098;0.7132723384;0.9531206542;0.921;0.7529123661;0.7749016786
"Serra Azul";0.528570209;0.6748937822;0.9441834525;0.570385676;0.4797683502;0.3751339879;0.769788;0.5707731287;0.5956919757
"Serra Negra";0.5520570135;0.7167454436;0.9364875721;0.7977210901;0.7043450474;0.9355366579;0.881021;0.7613623087;0.7774058166
"Serrana";0.5398399688;0.7014556568;0.9444898608;0.8885675212;0.6789038029;0.9288915139;0.802478;0.7649875578;0.7702341434
"Sertãozinho";0.5525188919;0.7158545611;0.9477174775;0.9174014808;0.7114080756;0.93843843;0.854711;0.7825086344;0.7924372365
"Sete Barras";0.5038126114;0.6892451568;0.9377765492;0.6279834484;0.5851897381;0.8667711343;0.88605;0.6854596751;0.7110613929
"Severínia";0.5331976806;0.694839186;0.934862802;0.8282167303;0.6364281905;0.9266497543;0.780717;0.7436836658;0.748864596
"Silveiras";0.5086019172;0.6976020725;0.9217610893;0.6421022631;0.6079932413;0.9159161483;0.858884;0.6992950688;0.7201349701
"Socorro";0.543247268;0.7044008785;0.9352514702;0.6759793811;0.6671930714;0.9479039601;0.885749;0.7313341593;0.7516243341
"Sorocaba";0.556152408;0.7594084414;0.9425875636;0.9027092256;0.7481762093;0.9127936048;0.784979;0.7912600126;0.7903596574
"Sud Mennucci";0.5322933895;0.7281070305;0.9444880652;0.7894084107;0.6904360617;0.957524839;0.855299;0.7589031219;0.7719783894
"Sumaré";0.5440224174;0.7300057192;0.9443460955;0.8972050775;0.7052945158;0.9287235611;0.783674;0.7772078112;0.7781282756
"Suzanápolis";0.5150960441;0.683788657;0.9227704419;0.6609077275;0.6256182139;0.9269479162;0.83331;0.7066996691;0.7235347884
"Suzano";0.517678801;0.738455049;0.933007154;0.862627221;0.689910738;0.901785656;0.70364;0.7591567668;0.7509653582
"Tabapuã";0.5406221547;0.6972826255;0.9439172323;0.8307624744;0.6693947645;0.9190121348;0.849156;0.7526958202;0.7657740481
"Tabatinga";0.5319797373;0.6754674778;0.9369554078;0.8135770867;0.6488635478;0.9320437645;0.841937;0.741084633;0.754716383
"Taboão da Serra";0.530611599;0.742773253;0.950426043;0.901781687;0.736884419;0.913848161;0.68643;0.7813057585;0.7669886113
"Taciba";0.5234007189;0.7060255013;0.9286053893;0.7431628905;0.6690061956;0.9528287419;0.781902;0.7387584891;0.744772942
"Taguaí";0.5290024973;0.695790842;0.9252060328;0.7952535468;0.6319102376;0.9329238952;0.918227;0.7365411546;0.7601092612
"Taiaçu";0.5335122119;0.6896771718;0.9407901639;0.8164567325;0.6550488012;0.9488642096;0.845573;0.7483687544;0.7615389855
"Taiúva";0.5437633558;0.712950973;0.9291577168;0.8306643418;0.6886664884;0.9585133557;0.870539;0.7631301661;0.777622048
"Tambaú";0.5395071385;0.695975699;0.9457727919;0.8545527712;0.7028875721;0.9309770527;0.87931;0.7638187279;0.7793387328
"Tanabi";0.5426833905;0.7069949798;0.9436638156;0.7918033956;0.6843617746;0.9469520326;0.871841;0.7553853208;0.7710172177
"Tapiraí";0.5097635535;0.6664593569;0.9054049173;0.6670905358;0.5824968312;0.8704310722;0.85971;0.6858034603;0.7083068308
"Tapiratiba";0.5321015677;0.701303218;0.9302277574;0.7851389675;0.6829428302;0.946102321;0.876207;0.7486746171;0.7656886266
"Taquaral";0.5323621417;0.6817930878;0.9173371722;0.8458957622;0.6950703775;0.946670564;0.914419;0.755072886;0.7760118555
"Taquaritinga";0.5376157886;0.7198669883;0.9350897171;0.8806863051;0.7061901627;0.931634733;0.81781;0.7707751219;0.7773250255
"Taquarituba";0.5241331506;0.6932785975;0.9189288789;0.7867017752;0.6629089893;0.9283404224;0.845193;0.7380749011;0.7525032138
"Taquarivaí";0.4986761043;0.6849286252;0.9398601207;0.653272843;0.6123023776;0.8891711151;0.887686;0.6965123676;0.7210677169
"Tarabai";0.5185700059;0.7083632448;0.8974525876;0.8147965007;0.6579084246;0.9513545306;0.791258;0.7429141894;0.7496352581
"Tarumã";0.5265399822;0.6996455034;0.9337065423;0.8389379586;0.6565806566;0.9458466725;0.874582;0.7508613423;0.7674016265
"Tatuí";0.5412968774;0.7214115735;0.9316632812;0.8641295783;0.6941128671;0.9317699387;0.855097;0.7668302052;0.7788586801
"Taubaté";0.5535601421;0.757624021;0.9454254678;0.9082776197;0.7496342838;0.9132783395;0.8376;0.7918680903;0.7982450726
"Tejupá";0.5124139582;0.6601943449;0.9367331505;0.619696632;0.622567719;0.8956406367;0.83993;0.6916738567;0.7111319313
"Teodoro Sampaio";0.5237985897;0.7259667794;0.9452462848;0.7345702131;0.6507951586;0.928234414;0.8267;0.7364222315;0.7486887821
"Terra Roxa";0.5378787577;0.7042453538;0.9427237854;0.832235091;0.6606380311;0.9517654157;0.797426;0.7561165206;0.761884196
"Tietê";0.5506982579;0.7196988584;0.9581560539;0.8677473175;0.7326329157;0.9304362951;0.866602;0.7796706496;0.7915339426
"Timburi";0.5226609626;0.6803779191;0.9358434547;0.7116357723;0.6374490652;0.9021232199;0.874561;0.717282828;0.7378878971
"Torre de Pedra";0.5255609251;0.6872741145;0.92306038;0.6915440543;0.6167094316;0.8996551115;0.88092;0.7098391415;0.7320767089
"Torrinha";0.5399583059;0.688799482;0.9373422157;0.7855431888;0.6921435644;0.9424653539;0.881355;0.7504650594;0.767900268
"Trabiju";0.5228914864;0.6879599265;0.9588873822;0.8280234638;0.667432705;0.9176967409;0.88536;0.7478513331;0.76610335
"Tremembé";0.5467865534;0.7451055793;0.9465932717;0.7960525903;0.688910656;0.5967273354;0.849099;0.7082391689;0.7268319287
"Três Fronteiras";0.5336065584;0.7038453184;0.919792995;0.7745260567;0.6489530357;0.9598993279;0.900439;0.7418405668;0.7626602471
"Tuiuti";0.533849276;0.7054029168;0.9421874279;0.5961487011;0.6521907825;0.9149252239;0.838546;0.7082468946;0.7255412985
"Tupã";0.5421102073;0.7440564403;0.9346666833;0.8844181442;0.7130782374;0.9231807279;0.87844;0.776673756;0.7904559958
"Tupi Paulista";0.5466781305;0.7228237378;0.9256739958;0.7788576442;0.666634738;0.6382677368;0.905701;0.7034963498;0.729350966
"Turiúba";0.5409400943;0.7296389226;0.9190893466;0.7583193281;0.630548806;0.9517349438;0.841425;0.7406567032;0.7542772734
"Turmalina";0.5415541771;0.7130341378;0.9356977108;0.7099809906;0.6535846588;0.9686269942;0.91915;0.738638867;0.7620738285
"Ubarana";0.5228717207;0.6719905911;0.9384385098;0.8013346402;0.6306982534;0.9378733264;0.882576;0.7339345222;0.7535280613
"Ubatuba";0.529485775;0.7223227839;0.9403333838;0.690239432;0.6506449812;0.9075379859;0.876906;0.726127171;0.7459650026
"Ubirajara";0.527351755;0.7161848203;0.9287543945;0.71086194;0.6097627015;0.942578557;0.865231;0.7234052848;0.7421451887
"Uchoa";0.5331487419;0.691492809;0.9491573851;0.8431550268;0.6815220756;0.9475733246;0.801791;0.7585701446;0.7645988926
"União Paulista";0.5337763329;0.6715020336;0.9328896505;0.729098933;0.6421998251;0.9544481457;0.935576;0.7284632563;0.7549742506
"Urânia";0.5356970771;0.7083643681;0.9324957545;0.7851763402;0.6785125532;0.9520860844;0.892698;0.751053186;0.7698211113
"Uru";0.5240332858;0.7319711564;0.9518467352;0.7972149624;0.6409811986;0.9646357597;0.898561;0.7513933133;0.7708404619
"Urupês";0.5434474892;0.6952888723;0.9257727638;0.8256314126;0.6836788796;0.9389544642;0.883176;0.7551241526;0.7722124073
"Valentim Gentil";0.5372106148;0.7157774083;0.938704296;0.7963268601;0.6669013503;0.9332097253;0.90611;0.7506380916;0.7710973613
"Valinhos";0.5753987275;0.7638351132;0.9547898902;0.8994786635;0.7792854908;0.9429407919;0.810644;0.8075598177;0.8079996957
"Valparaíso";0.5360979561;0.6976315952;0.9349151074;0.7804627513;0.5879294314;0.5669426027;0.826;0.6706199839;0.6908846924
"Vargem";0.5286933315;0.6757584977;0.9301430566;0.5868727207;0.6368420978;0.9171332828;0.856985;0.6962398437;0.7172104965
"Vargem Grande do Sul";0.539381359;0.6943313707;0.9437707499;0.8638215255;0.6887441821;0.9441371701;0.84028;0.763790729;0.7742759332
"Vargem Grande Paulista";0.530326341;0.733726283;0.944120928;0.802956168;0.707458165;0.908799484;0.77671;0.7579855542;0.7606325814
"Várzea Paulista";0.5391159191;0.7139552816;0.9489920453;0.8775402738;0.6922747213;0.915933979;0.732425;0.7667802296;0.7617753981
"Vera Cruz";0.5331050311;0.7253540779;0.9388554939;0.7987734559;0.6907480657;0.8940557119;0.883823;0.7507780708;0.7684817159
"Vinhedo";0.5742481016;0.7602599468;0.9597447296;0.8954683311;0.7639955994;0.9285733091;0.842167;0.8020395474;0.8076527995
"Viradouro";0.5380787734;0.7010460168;0.9324992363;0.8696598148;0.6678317733;0.9396333603;0.86117;0.759514314;0.7732665764
"Vista Alegre do Alto";0.5452954279;0.6913993222;0.9500882779;0.8278031486;0.7071808327;0.9371496653;0.881821;0.7624860091;0.7784901138
"Vitória Brasil";0.5287998119;0.7073432587;0.9350614557;0.7616379705;0.6686911277;0.9587717151;0.908894;0.7448608894;0.7663434791
"Votorantim";0.5396814683;0.735207138;0.937923387;0.8988824403;0.7116202463;0.9141552525;0.791537;0.7755580132;0.7778208228
"Votuporanga";0.5505525094;0.7471996578;0.9408403314;0.8932190458;0.7065464074;0.9521939032;0.889184;0.7842043255;0.7984061303
"Zacarias";0.529417841;0.7156057762;0.9293950177;0.714242185;0.6267913151;0.9507086802;0.888421;0.728810766;0.7497234074
